﻿Year,Latitud,Longitud,Djup,Redlistade arter,Vul,Source,Taxonomisk grupp,Uppdelning,Undergrupp
2005,56.878504,12.215495,,Abra prismatica,VU (HELCOM),,Musslor,Blötdjur,
2009,57.18,12.08333,,Abra prismatica,VU (HELCOM),SMHI Shark,Musslor,Blötdjur,
2013,57.202,11.72317,,Abra prismatica,VU (HELCOM),SMHI Shark,Musslor,Blötdjur,
2013,57.171,11.69367,,Abra prismatica,VU (HELCOM),SMHI Shark,Musslor,Blötdjur,
2013,56.98133,11.88,,Abra prismatica,VU (HELCOM),SMHI Shark,Musslor,Blötdjur,
2013,57.202,11.72317,,Abra prismatica,VU (HELCOM),SMHI Shark,Musslor,Blötdjur,
2013,57.171,11.69367,,Abra prismatica,VU (HELCOM),SMHI Shark,Musslor,Blötdjur,
2013,56.98133,11.88,,Abra prismatica,VU (HELCOM),SMHI Shark,Musslor,Blötdjur,
2013,57.202,11.72317,,Abra prismatica,VU (HELCOM),SMHI Shark,Musslor,Blötdjur,
2013,57.171,11.69367,,Abra prismatica,VU (HELCOM),SMHI Shark,Musslor,Blötdjur,
2013,56.98133,11.88,,Abra prismatica,VU (HELCOM),SMHI Shark,Musslor,Blötdjur,
2009,57.18,12.08333,,Abra prismatica,VU (HELCOM),SMHI Shark,Musslor,Blötdjur,
2013,57.202,11.72317,,Abra prismatica,VU (HELCOM),SMHI Shark,Musslor,Blötdjur,
2013,57.171,11.69367,,Abra prismatica,VU (HELCOM),SMHI Shark,Musslor,Blötdjur,
2013,56.98133,11.88,,Abra prismatica,VU (HELCOM),SMHI Shark,Musslor,Blötdjur,
2000,56.94,12.21167,31,Ampelisca macrocephala,NT (SLU),SMHI Shark,Kräftdjur,Kräftdjur,Märlkräft
2004,57.19283,11.66667,68,Ampelisca macrocephala,NT (SLU),SMHI Shark,Kräftdjur,Kräftdjur,Märlkräft
2005,57.12,12.01967,50,Ampelisca macrocephala,NT (SLU),SMHI Shark,Kräftdjur,Kräftdjur,Märlkräft
2006,57.18,12.01833,48,Ampelisca macrocephala,NT (SLU),SMHI Shark,Kräftdjur,Kräftdjur,Märlkräft
2007,56.72167,12.44167,23,Ampelisca macrocephala,NT (SLU),SMHI Shark,Kräftdjur,Kräftdjur,Märlkräft
2008,56.66667,12.11667,53,Ampelisca macrocephala,NT (SLU),SMHI Shark,Kräftdjur,Kräftdjur,Märlkräft
2009,56.66667,12.11667,54,Ampelisca macrocephala,NT (SLU),SMHI Shark,Kräftdjur,Kräftdjur,Märlkräft
2000,56.94,12.21167,31,Ampelisca macrocephala,NT (SLU),SMHI Shark,Kräftdjur,Kräftdjur,Märlkräft
2009,56.66667,12.11667,54,Ampelisca macrocephala,NT (SLU),SMHI Shark,Kräftdjur,Kräftdjur,Märlkräft
2000,56.94,12.21167,31,Ampelisca macrocephala,NT (SLU),SMHI Shark,Kräftdjur,Kräftdjur,Märlkräft
2016,57.12,12.01967,50,Ampelisca macrocephala,NT (SLU),SMHI Shark,Kräftdjur,Kräftdjur,Märlkräft
2019,57.25,11.65,72,Ampelisca macrocephala,NT (SLU),SMHI Shark,Kräftdjur,Kräftdjur,Märlkräft
2002,57.225,12.07417,21,Ampelisca macrocephala,NT (SLU),SMHI Shark,Kräftdjur,Kräftdjur,Märlkräft
2002,57.225,12.07417,21,Ampelisca macrocephala,NT (SLU),SMHI Shark,Kräftdjur,Kräftdjur,Märlkräft
2000,56.94,12.21167,31,Ampelisca macrocephala,NT (SLU),SMHI Shark,Kräftdjur,Kräftdjur,Märlkräft
2002,57.225,12.07417,21,Ampelisca macrocephala,NT (SLU),SMHI Shark,Kräftdjur,Kräftdjur,Märlkräft
2003,57.19283,11.66667,67,Ampelisca macrocephala,NT (SLU),SMHI Shark,Kräftdjur,Kräftdjur,Märlkräft
2004,57.19283,11.66667,68,Ampelisca macrocephala,NT (SLU),SMHI Shark,Kräftdjur,Kräftdjur,Märlkräft
2005,57.007003,12.01467,,Ampelisca macrocephala,NT (SLU),Artdatabanken U1,Kräftdjur,Kräftdjur,Märlkräft
2005,56.868666,12.227499,,Amphipholis squamata,DD (SLU),Svenska Artprojektet,Tagghuding,Tagghuding,OrmSjöstjärna
2004,56.66667,12.11667,53,Byblis gaimardii,NT (SLU),SMHI Shark,Kräftdjur,Kräftdjur,Märlkräft
2007,57.12,12.01967,50,Byblis gaimardii,NT (SLU),SMHI Shark,Kräftdjur,Kräftdjur,Märlkräft
2002,57.12,12.01967,50,Byblis gaimardii,NT (SLU),SMHI Shark,Kräftdjur,Kräftdjur,Märlkräft
2004,56.66667,12.11667,53,Byblis gaimardii,NT (SLU),SMHI Shark,Kräftdjur,Kräftdjur,Märlkräft
2000,56.66667,12.11667,55,Calocaris macandreae,VU (SLU),SMHI Shark,Kräftdjur,Kräftdjur,Kräftor
2000,57.19167,11.66667,68,Calocaris macandreae,VU (SLU),SMHI Shark,Kräftdjur,Kräftdjur,Kräftor
2000,57.18,12.01833,48,Calocaris macandreae,VU (SLU),SMHI Shark,Kräftdjur,Kräftdjur,Kräftor
2000,57.18,12.01833,48,Calocaris macandreae,VU (SLU),SMHI Shark,Kräftdjur,Kräftdjur,Kräftor
2004,57.18,12.01833,48,Calocaris macandreae,VU (SLU),SMHI Shark,Kräftdjur,Kräftdjur,Kräftor
2004,57.12,12.01967,50,Calocaris macandreae,VU (SLU),SMHI Shark,Kräftdjur,Kräftdjur,Kräftor
2004,57.18,12.01833,48,Calocaris macandreae,VU (SLU),SMHI Shark,Kräftdjur,Kräftdjur,Kräftor
2004,57.12,12.01967,50,Calocaris macandreae,VU (SLU),SMHI Shark,Kräftdjur,Kräftdjur,Kräftor
2004,57.18,12.01833,48,Calocaris macandreae,VU (SLU),SMHI Shark,Kräftdjur,Kräftdjur,Kräftor
2004,57.12,12.01967,50,Calocaris macandreae,VU (SLU),SMHI Shark,Kräftdjur,Kräftdjur,Kräftor
2006,56.6665,12.1165,54,Calocaris macandreae,VU (SLU),SMHI Shark,Kräftdjur,Kräftdjur,Kräftor
2006,56.6665,12.1165,54,Calocaris macandreae,VU (SLU),SMHI Shark,Kräftdjur,Kräftdjur,Kräftor
2006,56.6665,12.1165,54,Calocaris macandreae,VU (SLU),SMHI Shark,Kräftdjur,Kräftdjur,Kräftor
2006,56.6665,12.1165,54,Calocaris macandreae,VU (SLU),SMHI Shark,Kräftdjur,Kräftdjur,Kräftor
2009,56.66667,12.11667,54,Calocaris macandreae,VU (SLU),SMHI Shark,Kräftdjur,Kräftdjur,Kräftor
2000,56.66667,12.11667,55,Calocaris macandreae,VU (SLU),SMHI Shark,Kräftdjur,Kräftdjur,Kräftor
2000,57.19167,11.66667,68,Calocaris macandreae,VU (SLU),SMHI Shark,Kräftdjur,Kräftdjur,Kräftor
2000,57.18,12.01833,48,Calocaris macandreae,VU (SLU),SMHI Shark,Kräftdjur,Kräftdjur,Kräftor
2000,57.18,12.01833,48,Calocaris macandreae,VU (SLU),SMHI Shark,Kräftdjur,Kräftdjur,Kräftor
2009,56.66667,12.11667,54,Calocaris macandreae,VU (SLU),SMHI Shark,Kräftdjur,Kräftdjur,Kräftor
2000,56.66667,12.11667,55,Calocaris macandreae,VU (SLU),SMHI Shark,Kräftdjur,Kräftdjur,Kräftor
2000,57.19167,11.66667,68,Calocaris macandreae,VU (SLU),SMHI Shark,Kräftdjur,Kräftdjur,Kräftor
2000,57.18,12.01833,48,Calocaris macandreae,VU (SLU),SMHI Shark,Kräftdjur,Kräftdjur,Kräftor
2000,57.18,12.01833,48,Calocaris macandreae,VU (SLU),SMHI Shark,Kräftdjur,Kräftdjur,Kräftor
2009,56.66667,12.11667,54,Calocaris macandreae,VU (SLU),SMHI Shark,Kräftdjur,Kräftdjur,Kräftor
2009,56.66667,12.11667,54,Calocaris macandreae,VU (SLU),SMHI Shark,Kräftdjur,Kräftdjur,Kräftor
2001,57.19167,11.66667,68,Calocaris macandreae,VU (SLU),SMHI Shark,Kräftdjur,Kräftdjur,Kräftor
2001,57.19167,11.66667,68,Calocaris macandreae,VU (SLU),SMHI Shark,Kräftdjur,Kräftdjur,Kräftor
2001,57.18,12.01833,48,Calocaris macandreae,VU (SLU),SMHI Shark,Kräftdjur,Kräftdjur,Kräftor
2001,57.19167,11.66667,68,Calocaris macandreae,VU (SLU),SMHI Shark,Kräftdjur,Kräftdjur,Kräftor
2001,57.19167,11.66667,68,Calocaris macandreae,VU (SLU),SMHI Shark,Kräftdjur,Kräftdjur,Kräftor
2001,57.18,12.01833,48,Calocaris macandreae,VU (SLU),SMHI Shark,Kräftdjur,Kräftdjur,Kräftor
2001,57.19167,11.66667,68,Calocaris macandreae,VU (SLU),SMHI Shark,Kräftdjur,Kräftdjur,Kräftor
2001,57.19167,11.66667,68,Calocaris macandreae,VU (SLU),SMHI Shark,Kräftdjur,Kräftdjur,Kräftor
2001,57.18,12.01833,48,Calocaris macandreae,VU (SLU),SMHI Shark,Kräftdjur,Kräftdjur,Kräftor
2001,57.19167,11.66667,68,Calocaris macandreae,VU (SLU),SMHI Shark,Kräftdjur,Kräftdjur,Kräftor
2001,57.19167,11.66667,68,Calocaris macandreae,VU (SLU),SMHI Shark,Kräftdjur,Kräftdjur,Kräftor
2001,57.18,12.01833,48,Calocaris macandreae,VU (SLU),SMHI Shark,Kräftdjur,Kräftdjur,Kräftor
2002,57.19167,11.66667,68,Calocaris macandreae,VU (SLU),SMHI Shark,Kräftdjur,Kräftdjur,Kräftor
2002,57.19167,11.66667,68,Calocaris macandreae,VU (SLU),SMHI Shark,Kräftdjur,Kräftdjur,Kräftor
2002,57.19167,11.66667,68,Calocaris macandreae,VU (SLU),SMHI Shark,Kräftdjur,Kräftdjur,Kräftor
2002,57.19167,11.66667,68,Calocaris macandreae,VU (SLU),SMHI Shark,Kräftdjur,Kräftdjur,Kräftor
2000,56.66667,12.11667,55,Calocaris macandreae,VU (SLU),SMHI Shark,Kräftdjur,Kräftdjur,Kräftor
2000,57.19167,11.66667,68,Calocaris macandreae,VU (SLU),SMHI Shark,Kräftdjur,Kräftdjur,Kräftor
2000,57.18,12.01833,48,Calocaris macandreae,VU (SLU),SMHI Shark,Kräftdjur,Kräftdjur,Kräftor
2000,57.18,12.01833,48,Calocaris macandreae,VU (SLU),SMHI Shark,Kräftdjur,Kräftdjur,Kräftor
2002,57.19167,11.66667,68,Calocaris macandreae,VU (SLU),SMHI Shark,Kräftdjur,Kräftdjur,Kräftor
2002,57.19167,11.66667,68,Calocaris macandreae,VU (SLU),SMHI Shark,Kräftdjur,Kräftdjur,Kräftor
2002,57.19167,11.66667,68,Calocaris macandreae,VU (SLU),SMHI Shark,Kräftdjur,Kräftdjur,Kräftor
2002,57.19167,11.66667,68,Calocaris macandreae,VU (SLU),SMHI Shark,Kräftdjur,Kräftdjur,Kräftor
2003,57.12,12.01967,50,Calocaris macandreae,VU (SLU),SMHI Shark,Kräftdjur,Kräftdjur,Kräftor
2003,57.12,12.01967,50,Calocaris macandreae,VU (SLU),SMHI Shark,Kräftdjur,Kräftdjur,Kräftor
2003,57.12,12.01967,50,Calocaris macandreae,VU (SLU),SMHI Shark,Kräftdjur,Kräftdjur,Kräftor
2003,57.12,12.01967,50,Calocaris macandreae,VU (SLU),SMHI Shark,Kräftdjur,Kräftdjur,Kräftor
2004,57.18,12.01833,48,Calocaris macandreae,VU (SLU),SMHI Shark,Kräftdjur,Kräftdjur,Kräftor
2004,57.12,12.01967,50,Calocaris macandreae,VU (SLU),SMHI Shark,Kräftdjur,Kräftdjur,Kräftor
2005,57.129667,11.777671,,Corystes cassivelaunus,NT (SLU),U1 Artdatabanken,Kräftdjur,Kräftdjur,Krabbor
2005,57.129667,11.777671,,Corystes cassivelaunus,NT (SLU),U1 Artdatabanken,Kräftdjur,Kräftdjur,Krabbor
2007,57.310286,11.882997,,Crangon allmanni,NT (SLU),,Kräftdjur,Kräftdjur,Räkor
2007,57.287362,11.840224,,Crangon allmanni,NT (SLU),,Kräftdjur,Kräftdjur,Räkor
2005,57.214832,11.66634,,Crangon allmanni,NT (SLU),U1 Artdatabanken,Kräftdjur,Kräftdjur,Räkor
2004,57.18,12.01833,,Crangon allmanni,NT (SLU),SMHI Shark,Kräftdjur,Kräftdjur,Räkor
2004,57.18,12.01833,,Crangon allmanni,NT (SLU),SMHI Shark,Kräftdjur,Kräftdjur,Räkor
2004,57.18,12.01833,,Crangon allmanni,NT (SLU),SMHI Shark,Kräftdjur,Kräftdjur,Räkor
2004,57.18,12.01833,,Crangon allmanni,NT (SLU),SMHI Shark,Kräftdjur,Kräftdjur,Räkor
2004,57.13667,12.10667,,Epitonium clathrus,VU (HELCOM),SMHI Shark,Snäcko,Tagghuding,
2004,57.225,12.07417,,Epitonium clathrus,VU (HELCOM),SMHI Shark,Snäcko,Tagghuding,
2004,57.225,12.07417,,Epitonium clathrus,VU (HELCOM),SMHI Shark,Snäcko,Tagghuding,
2004,57.13667,12.10667,,Epitonium clathrus,VU (HELCOM),SMHI Shark,Snäcko,Tagghuding,
2004,57.225,12.07417,,Epitonium clathrus,VU (HELCOM),SMHI Shark,Snäcko,Tagghuding,
2004,57.225,12.07417,,Epitonium clathrus,VU (HELCOM),SMHI Shark,Snäcko,Tagghuding,
2004,57.13667,12.10667,,Epitonium clathrus,VU (HELCOM),SMHI Shark,Snäcko,Tagghuding,
2004,57.225,12.07417,,Epitonium clathrus,VU (HELCOM),SMHI Shark,Snäcko,Tagghuding,
2004,57.225,12.07417,,Epitonium clathrus,VU (HELCOM),SMHI Shark,Snäcko,Tagghuding,
2013,56.91367,12.00167,,Epitonium clathrus,VU (HELCOM),SMHI Shark,Snäcko,Tagghuding,
2013,56.91367,12.00167,,Epitonium clathrus,VU (HELCOM),SMHI Shark,Snäcko,Tagghuding,
2013,56.91367,12.00167,,Epitonium clathrus,VU (HELCOM),SMHI Shark,Snäcko,Tagghuding,
2004,57.13667,12.10667,,Epitonium clathrus,VU (HELCOM),SMHI Shark,Snäcko,Tagghuding,
2004,57.225,12.07417,,Epitonium clathrus,VU (HELCOM),SMHI Shark,Snäcko,Tagghuding,
2004,57.225,12.07417,,Epitonium clathrus,VU (HELCOM),SMHI Shark,Snäcko,Tagghuding,
2005,57.220333,11.920829,,Epitonium turtonis,VU (HELCOM),U1 Artdatabanken,Snäcko,Tagghuding,
2013,57.22567,11.77567,28,Eurynome aspera,NT (SLU),SMHI Shark,Kräftdjur,Kräftdjur,Krabbor
2013,57.1065,11.77417,33,Eurynome aspera,NT (SLU),SMHI Shark,Kräftdjur,Kräftdjur,Krabbor
2013,57.22567,11.77567,28,Eurynome aspera,NT (SLU),SMHI Shark,Kräftdjur,Kräftdjur,Krabbor
2013,57.1065,11.77417,33,Eurynome aspera,NT (SLU),SMHI Shark,Kräftdjur,Kräftdjur,Krabbor
2013,57.22567,11.77567,28,Eurynome aspera,NT (SLU),SMHI Shark,Kräftdjur,Kräftdjur,Krabbor
2013,57.1065,11.77417,33,Eurynome aspera,NT (SLU),SMHI Shark,Kräftdjur,Kräftdjur,Krabbor
2005,57.224166,11.832336,,Eurynome aspera,NT (SLU),Artdatabanken U1,Kräftdjur,Kräftdjur,Krabbor
2005,57.218837,11.779674,,Eurynome aspera,NT (SLU),Artdatabanken U1,Kräftdjur,Kräftdjur,Krabbor
2005,57.129667,11.777671,,Eurynome aspera,NT (SLU),Artdatabanken U1,Kräftdjur,Kräftdjur,Krabbor
2005,57.128664,11.767169,,Eurynome aspera,NT (SLU),Artdatabanken U1,Kräftdjur,Kräftdjur,Krabbor
2005,56.999169,11.971165,,Eurynome aspera,NT (SLU),Artdatabanken U1,Kräftdjur,Kräftdjur,Krabbor
2005,57.220333,11.920829,,Eurynome aspera,NT (SLU),Artdatabanken U1,Kräftdjur,Kräftdjur,Krabbor
2014,57.19117,11.66667,67,Funiculina quadrangularis,VU (SLU),SMHI Shark,Nässeldju,Tagghuding,
2014,56.66667,12.11667,54,Funiculina quadrangularis,VU (SLU),SMHI Shark,Nässeldju,Tagghuding,
2014,57.19117,11.66667,67,Funiculina quadrangularis,VU (SLU),SMHI Shark,Nässeldju,Tagghuding,
2014,56.66667,12.11667,54,Funiculina quadrangularis,VU (SLU),SMHI Shark,Nässeldju,Tagghuding,
2014,57.19117,11.66667,67,Funiculina quadrangularis,VU (SLU),SMHI Shark,Nässeldju,Tagghuding,
2014,56.66667,12.11667,54,Funiculina quadrangularis,VU (SLU),SMHI Shark,Nässeldju,Tagghuding,
2002,57.13667,12.10667,,Gammarellus angulosus,DD (SLU),SMHI Shark,Kräftdjur,Kräftdjur,Märlkräft
2006,57.1575,12.0696,,Geryon trispinosus,NT (SLU),SMHI Shark,Kräftdjur,Kräftdjur,Krabbor
2006,57.1575,12.0696,,Geryon trispinosus,NT (SLU),SMHI Shark,Kräftdjur,Kräftdjur,Krabbor
2006,57.1575,12.0696,,Geryon trispinosus,NT (SLU),SMHI Shark,Kräftdjur,Kräftdjur,Krabbor
2018,56.74983333,12.38566667,25,Haploops tenuis,CR (SLU),Uttag trÃ¥lstudie 201,Kräftdjur,Kräftdjur,Märlkräft
2004,56.94,12.21167,31,Haploops tenuis,CR (SLU),SMHI Shark,Kräftdjur,Kräftdjur,Märlkräft
2001,56.94,12.21167,31,Haploops tenuis,CR (SLU),SMHI Shark,Kräftdjur,Kräftdjur,Märlkräft
2001,56.72167,12.44167,23,Haploops tenuis,CR (SLU),SMHI Shark,Kräftdjur,Kräftdjur,Märlkräft
2011,56.72167,12.44167,23,Haploops tenuis,CR (SLU),SMHI Shark,Kräftdjur,Kräftdjur,Märlkräft
2001,56.94,12.21167,31,Haploops tenuis,CR (SLU),SMHI Shark,Kräftdjur,Kräftdjur,Märlkräft
2001,56.72167,12.44167,23,Haploops tenuis,CR (SLU),SMHI Shark,Kräftdjur,Kräftdjur,Märlkräft
2013,57.11033,11.68733,33,Haploops tenuis,CR (SLU),SMHI Shark,Kräftdjur,Kräftdjur,Märlkräft
2013,56.94467,12.008,41,Haploops tenuis,CR (SLU),SMHI Shark,Kräftdjur,Kräftdjur,Märlkräft
2013,57.11033,11.68733,33,Haploops tenuis,CR (SLU),SMHI Shark,Kräftdjur,Kräftdjur,Märlkräft
2013,56.94467,12.008,41,Haploops tenuis,CR (SLU),SMHI Shark,Kräftdjur,Kräftdjur,Märlkräft
2013,57.11033,11.68733,33,Haploops tenuis,CR (SLU),SMHI Shark,Kräftdjur,Kräftdjur,Märlkräft
2013,56.94467,12.008,41,Haploops tenuis,CR (SLU),SMHI Shark,Kräftdjur,Kräftdjur,Märlkräft
2001,56.94,12.21167,31,Haploops tenuis,CR (SLU),SMHI Shark,Kräftdjur,Kräftdjur,Märlkräft
2001,56.72167,12.44167,23,Haploops tenuis,CR (SLU),SMHI Shark,Kräftdjur,Kräftdjur,Märlkräft
2001,56.94,12.21167,31,Haploops tenuis,CR (SLU),SMHI Shark,Kräftdjur,Kräftdjur,Märlkräft
2001,56.72167,12.44167,23,Haploops tenuis,CR (SLU),SMHI Shark,Kräftdjur,Kräftdjur,Märlkräft
2003,56.94,12.21167,31,Haploops tenuis,CR (SLU),SMHI Shark,Kräftdjur,Kräftdjur,Märlkräft
2004,56.94,12.21167,31,Haploops tenuis,CR (SLU),SMHI Shark,Kräftdjur,Kräftdjur,Märlkräft
2006,56.941829,12.160668,,Haploops tenuis,CR (SLU),,Kräftdjur,Kräftdjur,Märlkräft
2013,57.1065,11.77417,33,Haploops tubicola,CR (SLU),SMHI Shark,Kräftdjur,Kräftdjur,Märlkräft
2016,56.607383,12.123367,,Hippasteria phrygiana,Sarbar. VU (HELCOM),PAG 2016 Video Halland,Tagghuding,Tagghuding,Sjöstjärna
2016,56.641133,12.082683,,Hippasteria phrygiana,Sarbar. VU (HELCOM),PAG 2016 Video Halland,Tagghuding,Tagghuding,Sjöstjärna
2016,56.6408,12.048233,,Hippasteria phrygiana,Sarbar. VU (HELCOM),PAG 2016 Video Halland,Tagghuding,Tagghuding,Sjöstjärna
2016,56.6827,12.1141,,Hippasteria phrygiana,Sarbar. VU (HELCOM),PAG 2016 Video Halland,Tagghuding,Tagghuding,Sjöstjärna
2016,56.690933,12.09605,,Hippasteria phrygiana,Sarbar. VU (HELCOM),PAG 2016 Video Halland,Tagghuding,Tagghuding,Sjöstjärna
2016,56.699167,12.093067,,Hippasteria phrygiana,Sarbar. VU (HELCOM),PAG 2016 Video Halland,Tagghuding,Tagghuding,Sjöstjärna
2016,56.69925,12.06985,,Hippasteria phrygiana,Sarbar. VU (HELCOM),PAG 2016 Video Halland,Tagghuding,Tagghuding,Sjöstjärna
2016,56.707383,12.098417,,Hippasteria phrygiana,Sarbar. VU (HELCOM),PAG 2016 Video Halland,Tagghuding,Tagghuding,Sjöstjärna
2016,57.076217,11.70735,,Hippasteria phrygiana,Sarbar. VU (HELCOM),PAG 2016 Video Halland,Tagghuding,Tagghuding,Sjöstjärna
2016,57.083467,11.7275,,Hippasteria phrygiana,Sarbar. VU (HELCOM),PAG 2016 Video Halland,Tagghuding,Tagghuding,Sjöstjärna
2016,57.092283,11.73595,,Hippasteria phrygiana,Sarbar. VU (HELCOM),PAG 2016 Video Halland,Tagghuding,Tagghuding,Sjöstjärna
2016,57.099967,11.696133,,Hippasteria phrygiana,Sarbar. VU (HELCOM),PAG 2016 Video Halland,Tagghuding,Tagghuding,Sjöstjärna
2016,57.1002,11.685433,,Hippasteria phrygiana,Sarbar. VU (HELCOM),PAG 2016 Video Halland,Tagghuding,Tagghuding,Sjöstjärna
2016,57.115467,11.68275,,Hippasteria phrygiana,Sarbar. VU (HELCOM),PAG 2016 Video Halland,Tagghuding,Tagghuding,Sjöstjärna
2016,57.1268,11.7965,,Hippasteria phrygiana,Sarbar. VU (HELCOM),PAG 2016 Video Halland,Tagghuding,Tagghuding,Sjöstjärna
2016,57.21705,11.84365,,Hippasteria phrygiana,Sarbar. VU (HELCOM),PAG 2016 Video Halland,Tagghuding,Tagghuding,Sjöstjärna
2016,57.225617,11.854183,,Hippasteria phrygiana,Sarbar. VU (HELCOM),PAG 2016 Video Halland,Tagghuding,Tagghuding,Sjöstjärna
2017,56.893183,11.93725,,Hippasteria phrygiana,Sarbar. VU (HELCOM),Lilla Middelgrund PAG 2017,Tagghuding,Tagghuding,Sjöstjärna
2017,56.993283,11.901967,,Hippasteria phrygiana,Sarbar. VU (HELCOM),Lilla Middelgrund PAG 2017,Tagghuding,Tagghuding,Sjöstjärna
2017,56.993633,12.013567,,Hippasteria phrygiana,Sarbar. VU (HELCOM),Lilla Middelgrund PAG 2017,Tagghuding,Tagghuding,Sjöstjärna
2017,56.93285,12.00605,,Hippasteria phrygiana,Sarbar. VU (HELCOM),Lilla Middelgrund PAG 2017,Tagghuding,Tagghuding,Sjöstjärna
2017,56.924667,12.000033,,Hippasteria phrygiana,Sarbar. VU (HELCOM),Lilla Middelgrund PAG 2017,Tagghuding,Tagghuding,Sjöstjärna
2017,56.916583,11.998,31,Hippasteria phrygiana,Sarbar. VU (HELCOM),Lilla Middelgrund PAG 2017,Tagghuding,Tagghuding,Sjöstjärna
2004,56.69261667,12.10595,,Hippasteria phrygiana,Sarbar. VU (HELCOM),Dykdata vï¿½ï¿½ï¿½ï¿½ï¿½stk,Tagghuding,Tagghuding,Sjöstjärna
2004,56.68418333,12.08641667,27,Hippasteria phrygiana,Sarbar. VU (HELCOM),Dykdata vï¿½ï¿½ï¿½ï¿½ï¿½stk,Tagghuding,Tagghuding,Sjöstjärna
2004,56.69905,12.08851667,,Hippasteria phrygiana,Sarbar. VU (HELCOM),Dykdata vï¿½ï¿½ï¿½ï¿½ï¿½stk,Tagghuding,Tagghuding,Sjöstjärna
2004,56.69991667,12.08813333,,Hippasteria phrygiana,Sarbar. VU (HELCOM),Dykdata vï¿½ï¿½ï¿½ï¿½ï¿½stk,Tagghuding,Tagghuding,Sjöstjärna
2004,56.70716667,12.08943333,,Hippasteria phrygiana,Sarbar. VU (HELCOM),Dykdata vï¿½ï¿½ï¿½ï¿½ï¿½stk,Tagghuding,Tagghuding,Sjöstjärna
2015,56.879855,12.132568,,Hippasteria phrygiana,Sarbar. VU (HELCOM),Martrans,Tagghuding,Tagghuding,Sjöstjärna
2015,56.872958,12.107917,,Hippasteria phrygiana,Sarbar. VU (HELCOM),Martrans,Tagghuding,Tagghuding,Sjöstjärna
2015,56.915469,11.998388,,Hippasteria phrygiana,Sarbar. VU (HELCOM),Martrans,Tagghuding,Tagghuding,Sjöstjärna
2015,56.974804,12.122702,,Hippasteria phrygiana,Sarbar. VU (HELCOM),Martrans,Tagghuding,Tagghuding,Sjöstjärna
2015,56.974804,12.122702,,Hippasteria phrygiana,Sarbar. VU (HELCOM),Martrans,Tagghuding,Tagghuding,Sjöstjärna
2015,56.956859,12.178094,,Hippasteria phrygiana,Sarbar. VU (HELCOM),Martrans,Tagghuding,Tagghuding,Sjöstjärna
2015,56.954885,12.05171,,Hippasteria phrygiana,Sarbar. VU (HELCOM),Martrans,Tagghuding,Tagghuding,Sjöstjärna
2015,56.954885,12.05171,,Hippasteria phrygiana,Sarbar. VU (HELCOM),Martrans,Tagghuding,Tagghuding,Sjöstjärna
2015,57.191083,11.898302,,Hippasteria phrygiana,Sarbar. VU (HELCOM),Martrans,Tagghuding,Tagghuding,Sjöstjärna
2015,57.211742,11.916314,,Hippasteria phrygiana,Sarbar. VU (HELCOM),Martrans,Tagghuding,Tagghuding,Sjöstjärna
2015,57.258787,11.72181,,Hippasteria phrygiana,Sarbar. VU (HELCOM),Martrans,Tagghuding,Tagghuding,Sjöstjärna
2015,57.241967,11.811112,,Hippasteria phrygiana,Sarbar. VU (HELCOM),Martrans,Tagghuding,Tagghuding,Sjöstjärna
2015,57.241967,11.811112,,Hippasteria phrygiana,Sarbar. VU (HELCOM),Martrans,Tagghuding,Tagghuding,Sjöstjärna
2015,57.247972,11.689239,,Hippasteria phrygiana,Sarbar. VU (HELCOM),Martrans,Tagghuding,Tagghuding,Sjöstjärna
2015,57.262681,11.838982,,Hippasteria phrygiana,Sarbar. VU (HELCOM),Martrans,Tagghuding,Tagghuding,Sjöstjärna
2015,57.283445,11.700908,,Hippasteria phrygiana,Sarbar. VU (HELCOM),Martrans,Tagghuding,Tagghuding,Sjöstjärna
2015,57.283445,11.700908,,Hippasteria phrygiana,Sarbar. VU (HELCOM),Martrans,Tagghuding,Tagghuding,Sjöstjärna
2015,57.245057,11.866359,,Hippasteria phrygiana,Sarbar. VU (HELCOM),Martrans,Tagghuding,Tagghuding,Sjöstjärna
2015,57.245057,11.866359,,Hippasteria phrygiana,Sarbar. VU (HELCOM),Martrans,Tagghuding,Tagghuding,Sjöstjärna
2015,57.407556,11.679571,,Hippasteria phrygiana,Sarbar. VU (HELCOM),Martrans,Tagghuding,Tagghuding,Sjöstjärna
2015,57.407556,11.679571,,Hippasteria phrygiana,Sarbar. VU (HELCOM),Martrans,Tagghuding,Tagghuding,Sjöstjärna
2015,57.407556,11.679571,,Hippasteria phrygiana,Sarbar. VU (HELCOM),Martrans,Tagghuding,Tagghuding,Sjöstjärna
2015,57.502551,11.528995,,Hippasteria phrygiana,Sarbar. VU (HELCOM),Martrans,Tagghuding,Tagghuding,Sjöstjärna
2015,57.502551,11.528995,,Hippasteria phrygiana,Sarbar. VU (HELCOM),Martrans,Tagghuding,Tagghuding,Sjöstjärna
2015,57.499035,11.584233,,Hippasteria phrygiana,Sarbar. VU (HELCOM),Martrans,Tagghuding,Tagghuding,Sjöstjärna
2015,57.499035,11.584233,,Hippasteria phrygiana,Sarbar. VU (HELCOM),Martrans,Tagghuding,Tagghuding,Sjöstjärna
2015,57.484916,11.543473,,Hippasteria phrygiana,Sarbar. VU (HELCOM),Martrans,Tagghuding,Tagghuding,Sjöstjärna
2017,56.945483,12.088867,,Hippasteria phrygiana,Sarbar. VU (HELCOM),Mellersta Kattegatt 2017,Tagghuding,Tagghuding,Sjöstjärna
2017,56.94675,12.064067,,Hippasteria phrygiana,Sarbar. VU (HELCOM),Mellersta Kattegatt 2017,Tagghuding,Tagghuding,Sjöstjärna
2017,56.98205,12.174133,,Hippasteria phrygiana,Sarbar. VU (HELCOM),Mellersta Kattegatt 2017,Tagghuding,Tagghuding,Sjöstjärna
2017,56.711817,12.054217,,Hippasteria phrygiana,Sarbar. VU (HELCOM),Mellersta Kattegatt 2017,Tagghuding,Tagghuding,Sjöstjärna
2005,57.224166,11.832336,,Hippasteria phrygiana,Sarbar. VU (HELCOM),Artdatabanken U1,Tagghuding,Tagghuding,Sjöstjärna
2006,57.26295,11.679101,,Hippasteria phrygiana,Sarbar. VU (HELCOM),,Tagghuding,Tagghuding,Sjöstjärna
2006,57.228234,11.800277,,Hippasteria phrygiana,Sarbar. VU (HELCOM),,Tagghuding,Tagghuding,Sjöstjärna
2005,56.868832,12.22983,,Inachus dorsettensis,NT (SLU),Artdatabanken U1,Kräftdjur,Kräftdjur,Krabbor
2005,57.224166,11.832336,,Inachus dorsettensis,NT (SLU),Artdatabanken U1,Kräftdjur,Kräftdjur,Krabbor
2005,57.13833,11.752507,,Inachus dorsettensis,NT (SLU),Artdatabanken U1,Kräftdjur,Kräftdjur,Krabbor
2005,57.138831,11.753841,,Inachus dorsettensis,NT (SLU),Artdatabanken U1,Kräftdjur,Kräftdjur,Krabbor
2005,56.999169,11.971165,,Inachus dorsettensis,NT (SLU),Artdatabanken U1,Kräftdjur,Kräftdjur,Krabbor
2005,56.99817,11.971993,,Inachus dorsettensis,NT (SLU),Artdatabanken U1,Kräftdjur,Kräftdjur,Krabbor
2005,57.177165,11.807169,,Inachus dorsettensis,NT (SLU),Artdatabanken U1,Kräftdjur,Kräftdjur,Krabbor
2005,57.199669,11.760003,,Inachus dorsettensis,NT (SLU),Artdatabanken U1,Kräftdjur,Kräftdjur,Krabbor
2005,57.222165,11.758498,,Inachus phalangium,NT (SLU),Artdatabanken U1,Kräftdjur,Kräftdjur,Krabbor
2005,57.222165,11.758498,,Inachus phalangium,DD (SLU),U1 Artdatabanken,Kräftdjur,Kräftdjur,Krabbor
2005,56.879662,12.22016,,Leptochiton alveolus,VU (SLU),U1 Artdatabanken,Ledsnäck,Blötdjur,
2005,56.879334,12.22533,,Leptochiton alveolus,VU (SLU),U1 Artdatabanken,Ledsnäck,Blötdjur,
2014,57.19117,11.66667,67,Leptosynapta inhaerens,DD (SLU),SMHI Shark,Tagghuding,Tagghuding,Sjögurka
2005,57.153668,11.741499,,Leptosynapta inhaerens,DD (SLU),Artdatabanken U1,Tagghuding,Tagghuding,Sjögurka
2000,57.18,12.08333,,Macoma calcarea,VU (HELCOM),SMHI Shark,Musslor,Blötdjur,
2000,57.18,12.08333,,Macoma calcarea,VU (HELCOM),SMHI Shark,Musslor,Blötdjur,
2000,56.72167,12.44167,,Macoma calcarea,VU (HELCOM),SMHI Shark,Musslor,Blötdjur,
2004,57.18,12.08333,,Macoma calcarea,VU (HELCOM),SMHI Shark,Musslor,Blötdjur,
2004,57.18,12.08333,,Macoma calcarea,VU (HELCOM),SMHI Shark,Musslor,Blötdjur,
2004,57.18,12.08333,,Macoma calcarea,VU (HELCOM),SMHI Shark,Musslor,Blötdjur,
2000,57.18,12.08333,,Macoma calcarea,VU (HELCOM),SMHI Shark,Musslor,Blötdjur,
2000,57.18,12.08333,,Macoma calcarea,VU (HELCOM),SMHI Shark,Musslor,Blötdjur,
2000,56.72167,12.44167,,Macoma calcarea,VU (HELCOM),SMHI Shark,Musslor,Blötdjur,
2000,57.18,12.08333,,Macoma calcarea,VU (HELCOM),SMHI Shark,Musslor,Blötdjur,
2000,57.18,12.08333,,Macoma calcarea,VU (HELCOM),SMHI Shark,Musslor,Blötdjur,
2000,56.72167,12.44167,,Macoma calcarea,VU (HELCOM),SMHI Shark,Musslor,Blötdjur,
2000,57.18,12.08333,,Macoma calcarea,VU (HELCOM),SMHI Shark,Musslor,Blötdjur,
2000,57.18,12.08333,,Macoma calcarea,VU (HELCOM),SMHI Shark,Musslor,Blötdjur,
2000,56.72167,12.44167,,Macoma calcarea,VU (HELCOM),SMHI Shark,Musslor,Blötdjur,
2004,57.18,12.08333,,Macoma calcarea,VU (HELCOM),SMHI Shark,Musslor,Blötdjur,
2016,56.5744,12.1653,,Modiolus modiolus,Sarbar. VU (SLU),PAG 2016 Video Halland,Musslor,Blötdjur,
2016,56.582333,12.10625,,Modiolus modiolus,Sarbar. VU (SLU),PAG 2016 Video Halland,Musslor,Blötdjur,
2016,56.59045,12.13285,,Modiolus modiolus,Sarbar. VU (SLU),PAG 2016 Video Halland,Musslor,Blötdjur,
2000,56.94,12.21167,31,Modiolus modiolus,VU (SLU),SMHI Shark,Musslor,Blötdjur,
2000,56.94,12.21167,31,Modiolus modiolus,Sarbar. VU (SLU),SMHI Shark,Musslor,Blötdjur,
2000,56.94,12.21167,31,Modiolus modiolus,VU (SLU),SMHI Shark,Musslor,Blötdjur,
2000,56.94,12.21167,31,Modiolus modiolus,Sarbar. VU (SLU),SMHI Shark,Musslor,Blötdjur,
2016,56.72167,12.44167,,Mya truncata,VU (SLU),SMHI Shark,Musslor,Blötdjur,
2016,56.72167,12.44167,,Mya truncata,VU (SLU),SMHI Shark,Musslor,Blötdjur,
2016,56.72167,12.44167,,Mya truncata,VU (SLU),SMHI Shark,Musslor,Blötdjur,
2007,56.574033,12.6967,,Nucula nucleus,VU (HELCOM),Svenska Artprojektet,Musslor,Blötdjur,
2007,57.310286,11.882997,,Nucula nucleus,VU (HELCOM),Svenska Artprojektet,Musslor,Blötdjur,
2004,56.666667,12.116667,,Nucula nucleus,VU (HELCOM),ICES,Musslor,Blötdjur,
2004,56.666667,12.116667,,Nucula nucleus,VU (HELCOM),ICES,Musslor,Blötdjur,
2000,56.66667,12.11667,55,Nuculana minuta,NT (SLU),SMHI Shark,Musslor,Blötdjur,
2004,56.72167,12.44167,23,Nuculana minuta,NT (SLU),SMHI Shark,Musslor,Blötdjur,
2006,57.1575,12.0696,28,Nuculana minuta,NT (SLU),SMHI Shark,Musslor,Blötdjur,
2006,57.12573,12.10843,23,Nuculana minuta,NT (SLU),SMHI Shark,Musslor,Blötdjur,
2007,56.72167,12.44167,23,Nuculana minuta,NT (SLU),SMHI Shark,Musslor,Blötdjur,
2008,56.66667,12.11667,53,Nuculana minuta,NT (SLU),SMHI Shark,Musslor,Blötdjur,
2009,57.13667,12.10667,24,Nuculana minuta,NT (SLU),SMHI Shark,Musslor,Blötdjur,
2000,56.66667,12.11667,55,Nuculana minuta,NT (SLU),SMHI Shark,Musslor,Blötdjur,
2001,56.72167,12.44167,23,Nuculana minuta,NT (SLU),SMHI Shark,Musslor,Blötdjur,
2001,56.72167,12.44167,23,Nuculana minuta,NT (SLU),SMHI Shark,Musslor,Blötdjur,
2011,57.18,12.08333,20,Nuculana minuta,NT (SLU),SMHI Shark,Musslor,Blötdjur,
2011,56.72167,12.44167,23,Nuculana minuta,NT (SLU),SMHI Shark,Musslor,Blötdjur,
2001,56.72167,12.44167,23,Nuculana minuta,NT (SLU),SMHI Shark,Musslor,Blötdjur,
2001,56.72167,12.44167,23,Nuculana minuta,NT (SLU),SMHI Shark,Musslor,Blötdjur,
2016,57.1575,12.0696,28,Nuculana minuta,NT (SLU),SMHI Shark,Musslor,Blötdjur,
2017,56.72167,12.44167,23,Nuculana minuta,NT (SLU),SMHI Shark,Musslor,Blötdjur,
2019,56.72167,12.44167,23,Nuculana minuta,NT (SLU),SMHI Shark,Musslor,Blötdjur,
2001,56.72167,12.44167,23,Nuculana minuta,NT (SLU),SMHI Shark,Musslor,Blötdjur,
2002,57.13667,12.10667,24,Nuculana minuta,NT (SLU),SMHI Shark,Musslor,Blötdjur,
2002,57.13667,12.10667,24,Nuculana minuta,NT (SLU),SMHI Shark,Musslor,Blötdjur,
2000,56.66667,12.11667,55,Nuculana minuta,NT (SLU),SMHI Shark,Musslor,Blötdjur,
2002,57.13667,12.10667,24,Nuculana minuta,NT (SLU),SMHI Shark,Musslor,Blötdjur,
2002,57.13667,12.10667,24,Nuculana minuta,NT (SLU),SMHI Shark,Musslor,Blötdjur,
2003,56.94,12.21167,31,Nuculana minuta,NT (SLU),SMHI Shark,Musslor,Blötdjur,
2003,56.72167,12.44167,23,Nuculana minuta,NT (SLU),SMHI Shark,Musslor,Blötdjur,
2003,56.94,12.21167,31,Nuculana minuta,NT (SLU),SMHI Shark,Musslor,Blötdjur,
2003,56.72167,12.44167,23,Nuculana minuta,NT (SLU),SMHI Shark,Musslor,Blötdjur,
2003,56.94,12.21167,31,Nuculana minuta,NT (SLU),SMHI Shark,Musslor,Blötdjur,
2003,56.72167,12.44167,23,Nuculana minuta,NT (SLU),SMHI Shark,Musslor,Blötdjur,
2003,56.94,12.21167,31,Nuculana minuta,NT (SLU),SMHI Shark,Musslor,Blötdjur,
2003,56.72167,12.44167,23,Nuculana minuta,NT (SLU),SMHI Shark,Musslor,Blötdjur,
2004,56.72167,12.44167,23,Nuculana minuta,NT (SLU),SMHI Shark,Musslor,Blötdjur,
2007,57.310286,11.882997,,Nuculana minuta,NT (SLU),,Musslor,Blötdjur,
2006,57.093768,12.062323,,Nuculana minuta,NT (SLU),,Musslor,Blötdjur,
2005,57.0556667,11.722,115,Nuculana pernula,Sarbar. VU (SLU),Fladen hugg och skrap 2005,Musslor,Blötdjur,
2005,57.0561667,11.7196667,130,Nuculana pernula,Sarbar. VU (SLU),Fladen hugg och skrap 2005,Musslor,Blötdjur,
2000,56.66667,12.11667,55,Nuculana pernula,Sarbar. VU (SLU),SMHI Shark,Musslor,Blötdjur,
2000,56.66667,12.11667,55,Nuculana pernula,Sarbar. VU (SLU),SMHI Shark,Musslor,Blötdjur,
2000,56.66667,12.11667,55,Nuculana pernula,Sarbar. VU (SLU),SMHI Shark,Musslor,Blötdjur,
2000,57.12,12.01967,50,Nuculana pernula,Sarbar. VU (SLU),SMHI Shark,Musslor,Blötdjur,
2000,56.94,12.21167,31,Nuculana pernula,Sarbar. VU (SLU),SMHI Shark,Musslor,Blötdjur,
2004,56.66667,12.11667,53,Nuculana pernula,Sarbar. VU (SLU),SMHI Shark,Musslor,Blötdjur,
2004,56.66667,12.11667,53,Nuculana pernula,Sarbar. VU (SLU),SMHI Shark,Musslor,Blötdjur,
2004,56.66667,12.11667,53,Nuculana pernula,Sarbar. VU (SLU),SMHI Shark,Musslor,Blötdjur,
2004,56.66667,12.11667,53,Nuculana pernula,Sarbar. VU (SLU),SMHI Shark,Musslor,Blötdjur,
2004,56.66667,12.11667,53,Nuculana pernula,Sarbar. VU (SLU),SMHI Shark,Musslor,Blötdjur,
2004,56.66667,12.11667,53,Nuculana pernula,Sarbar. VU (SLU),SMHI Shark,Musslor,Blötdjur,
2004,56.66667,12.11667,53,Nuculana pernula,Sarbar. VU (SLU),SMHI Shark,Musslor,Blötdjur,
2004,56.66667,12.11667,53,Nuculana pernula,Sarbar. VU (SLU),SMHI Shark,Musslor,Blötdjur,
2004,56.66667,12.11667,53,Nuculana pernula,Sarbar. VU (SLU),SMHI Shark,Musslor,Blötdjur,
2005,56.6665,12.1165,54,Nuculana pernula,Sarbar. VU (SLU),SMHI Shark,Musslor,Blötdjur,
2006,56.6665,12.1165,54,Nuculana pernula,Sarbar. VU (SLU),SMHI Shark,Musslor,Blötdjur,
2007,56.6665,12.1165,53,Nuculana pernula,Sarbar. VU (SLU),SMHI Shark,Musslor,Blötdjur,
2008,56.66667,12.11667,53,Nuculana pernula,Sarbar. VU (SLU),SMHI Shark,Musslor,Blötdjur,
2009,56.66667,12.11667,54,Nuculana pernula,Sarbar. VU (SLU),SMHI Shark,Musslor,Blötdjur,
2000,56.66667,12.11667,55,Nuculana pernula,Sarbar. VU (SLU),SMHI Shark,Musslor,Blötdjur,
2000,57.12,12.01967,50,Nuculana pernula,Sarbar. VU (SLU),SMHI Shark,Musslor,Blötdjur,
2000,56.94,12.21167,31,Nuculana pernula,Sarbar. VU (SLU),SMHI Shark,Musslor,Blötdjur,
2009,56.66667,12.11667,54,Nuculana pernula,Sarbar. VU (SLU),SMHI Shark,Musslor,Blötdjur,
2000,56.66667,12.11667,55,Nuculana pernula,Sarbar. VU (SLU),SMHI Shark,Musslor,Blötdjur,
2000,56.66667,12.11667,55,Nuculana pernula,Sarbar. VU (SLU),SMHI Shark,Musslor,Blötdjur,
2000,56.66667,12.11667,55,Nuculana pernula,Sarbar. VU (SLU),SMHI Shark,Musslor,Blötdjur,
2000,57.12,12.01967,50,Nuculana pernula,Sarbar. VU (SLU),SMHI Shark,Musslor,Blötdjur,
2000,56.94,12.21167,31,Nuculana pernula,Sarbar. VU (SLU),SMHI Shark,Musslor,Blötdjur,
2009,56.66667,12.11667,54,Nuculana pernula,Sarbar. VU (SLU),SMHI Shark,Musslor,Blötdjur,
2001,56.66667,12.11667,55,Nuculana pernula,Sarbar. VU (SLU),SMHI Shark,Musslor,Blötdjur,
2010,56.66667,12.11667,53,Nuculana pernula,Sarbar. VU (SLU),SMHI Shark,Musslor,Blötdjur,
2011,56.66667,12.11667,54,Nuculana pernula,Sarbar. VU (SLU),SMHI Shark,Musslor,Blötdjur,
2001,56.66667,12.11667,55,Nuculana pernula,Sarbar. VU (SLU),SMHI Shark,Musslor,Blötdjur,
2001,56.66667,12.11667,55,Nuculana pernula,Sarbar. VU (SLU),SMHI Shark,Musslor,Blötdjur,
2001,56.66667,12.11667,55,Nuculana pernula,Sarbar. VU (SLU),SMHI Shark,Musslor,Blötdjur,
2001,56.66667,12.11667,55,Nuculana pernula,Sarbar. VU (SLU),SMHI Shark,Musslor,Blötdjur,
2013,56.66667,12.11667,54,Nuculana pernula,Sarbar. VU (SLU),SMHI Shark,Musslor,Blötdjur,
2014,56.66667,12.11667,54,Nuculana pernula,Sarbar. VU (SLU),SMHI Shark,Musslor,Blötdjur,
2018,56.6681,12.08125,50,Nuculana pernula,Sarbar. VU (SLU),SMHI Shark,Musslor,Blötdjur,
2001,56.66667,12.11667,55,Nuculana pernula,Sarbar. VU (SLU),SMHI Shark,Musslor,Blötdjur,
2002,56.66667,12.11667,54,Nuculana pernula,Sarbar. VU (SLU),SMHI Shark,Musslor,Blötdjur,
2002,56.72167,12.44167,23,Nuculana pernula,Sarbar. VU (SLU),SMHI Shark,Musslor,Blötdjur,
2002,56.72167,12.44167,23,Nuculana pernula,Sarbar. VU (SLU),SMHI Shark,Musslor,Blötdjur,
2000,56.66667,12.11667,55,Nuculana pernula,Sarbar. VU (SLU),SMHI Shark,Musslor,Blötdjur,
2000,56.66667,12.11667,55,Nuculana pernula,Sarbar. VU (SLU),SMHI Shark,Musslor,Blötdjur,
2000,56.66667,12.11667,55,Nuculana pernula,Sarbar. VU (SLU),SMHI Shark,Musslor,Blötdjur,
2000,57.12,12.01967,50,Nuculana pernula,Sarbar. VU (SLU),SMHI Shark,Musslor,Blötdjur,
2000,56.94,12.21167,31,Nuculana pernula,Sarbar. VU (SLU),SMHI Shark,Musslor,Blötdjur,
2002,56.72167,12.44167,23,Nuculana pernula,Sarbar. VU (SLU),SMHI Shark,Musslor,Blötdjur,
2002,56.72167,12.44167,23,Nuculana pernula,Sarbar. VU (SLU),SMHI Shark,Musslor,Blötdjur,
2003,56.66667,12.11667,54,Nuculana pernula,Sarbar. VU (SLU),SMHI Shark,Musslor,Blötdjur,
2003,56.66667,12.11667,54,Nuculana pernula,Sarbar. VU (SLU),SMHI Shark,Musslor,Blötdjur,
2003,57.12,12.01967,50,Nuculana pernula,Sarbar. VU (SLU),SMHI Shark,Musslor,Blötdjur,
2004,56.66667,12.11667,53,Nuculana pernula,Sarbar. VU (SLU),SMHI Shark,Musslor,Blötdjur,
2004,56.66667,12.11667,53,Nuculana pernula,Sarbar. VU (SLU),SMHI Shark,Musslor,Blötdjur,
2004,56.66667,12.11667,53,Nuculana pernula,Sarbar. VU (SLU),SMHI Shark,Musslor,Blötdjur,
2007,57.302149,11.932983,,Nuculana pernula,Sarbar. VU (SLU),,Musslor,Blötdjur,
2007,57.310286,11.882997,,Nuculana pernula,Sarbar. VU (SLU),,Musslor,Blötdjur,
2006,57.064104,11.878322,,Nuculana pernula,Sarbar. VU (SLU),,Musslor,Blötdjur,
2005,57.0571667,11.7246667,124,Ophiura robusta,Sarbar. VU (SLU),Fladen hugg och skrap 2005,Tagghuding,Tagghuding,OrmSjöstjärna
2001,56.94,12.21167,31,Ophiura robusta,Sarbar. VU (SLU),SMHI Shark,Tagghuding,Tagghuding,OrmSjöstjärna
2001,56.72167,12.44167,23,Ophiura robusta,Sarbar. VU (SLU),SMHI Shark,Tagghuding,Tagghuding,OrmSjöstjärna
2001,56.94,12.21167,31,Ophiura robusta,Sarbar. VU (SLU),SMHI Shark,Tagghuding,Tagghuding,OrmSjöstjärna
2001,56.72167,12.44167,23,Ophiura robusta,Sarbar. VU (SLU),SMHI Shark,Tagghuding,Tagghuding,OrmSjöstjärna
2001,56.94,12.21167,31,Ophiura robusta,Sarbar. VU (SLU),SMHI Shark,Tagghuding,Tagghuding,OrmSjöstjärna
2001,56.72167,12.44167,23,Ophiura robusta,Sarbar. VU (SLU),SMHI Shark,Tagghuding,Tagghuding,OrmSjöstjärna
2001,56.94,12.21167,31,Ophiura robusta,Sarbar. VU (SLU),SMHI Shark,Tagghuding,Tagghuding,OrmSjöstjärna
2001,56.72167,12.44167,23,Ophiura robusta,Sarbar. VU (SLU),SMHI Shark,Tagghuding,Tagghuding,OrmSjöstjärna
2007,57.287362,11.840224,,Ophiura robusta,Sarbar. VU (SLU),,Tagghuding,Tagghuding,OrmSjöstjärna
2005,56.999169,11.971165,,Panningia hyndmani,NT (SLU),U1 Artdatabanken,Tagghuding,Tagghuding,Sjögurka
2006,57.26295,11.679101,,Panningia hyndmani,NT (SLU),Svenska Artprojektet,Tagghuding,Tagghuding,Sjögurka
2006,57.225916,11.797495,,Panningia hyndmani,NT (SLU),Svenska Artprojektet,Tagghuding,Tagghuding,Sjögurka
2018,56.795,12.352,25,Pelonaia corrugata,VU (SLU),Uttag trÃ¥lstudie 201,Manteldjur,Övrigt,
2000,56.72167,12.44167,,Pelonaia corrugata,VU (SLU),SMHI Shark,Manteldjur,Övrigt,
2004,56.72167,12.44167,,Pelonaia corrugata,VU (SLU),SMHI Shark,Manteldjur,Övrigt,
2004,56.72167,12.44167,,Pelonaia corrugata,VU (SLU),SMHI Shark,Manteldjur,Övrigt,
2004,56.72167,12.44167,,Pelonaia corrugata,VU (SLU),SMHI Shark,Manteldjur,Övrigt,
2004,56.72167,12.44167,,Pelonaia corrugata,VU (SLU),SMHI Shark,Manteldjur,Övrigt,
2004,56.72167,12.44167,,Pelonaia corrugata,VU (SLU),SMHI Shark,Manteldjur,Övrigt,
2004,56.72167,12.44167,,Pelonaia corrugata,VU (SLU),SMHI Shark,Manteldjur,Övrigt,
2006,56.72167,12.44167,,Pelonaia corrugata,VU (SLU),SMHI Shark,Manteldjur,Övrigt,
2006,56.72167,12.44167,,Pelonaia corrugata,VU (SLU),SMHI Shark,Manteldjur,Övrigt,
2006,56.72167,12.44167,,Pelonaia corrugata,VU (SLU),SMHI Shark,Manteldjur,Övrigt,
2006,56.72167,12.44167,,Pelonaia corrugata,VU (SLU),SMHI Shark,Manteldjur,Övrigt,
2006,56.72167,12.44167,,Pelonaia corrugata,VU (SLU),SMHI Shark,Manteldjur,Övrigt,
2006,56.72167,12.44167,,Pelonaia corrugata,VU (SLU),SMHI Shark,Manteldjur,Övrigt,
2006,56.72167,12.44167,,Pelonaia corrugata,VU (SLU),SMHI Shark,Manteldjur,Övrigt,
2006,56.72167,12.44167,,Pelonaia corrugata,VU (SLU),SMHI Shark,Manteldjur,Övrigt,
2006,56.72167,12.44167,,Pelonaia corrugata,VU (SLU),SMHI Shark,Manteldjur,Övrigt,
2006,56.72167,12.44167,,Pelonaia corrugata,VU (SLU),SMHI Shark,Manteldjur,Övrigt,
2006,56.72167,12.44167,,Pelonaia corrugata,VU (SLU),SMHI Shark,Manteldjur,Övrigt,
2006,56.72167,12.44167,,Pelonaia corrugata,VU (SLU),SMHI Shark,Manteldjur,Övrigt,
2000,56.72167,12.44167,,Pelonaia corrugata,VU (SLU),SMHI Shark,Manteldjur,Övrigt,
2000,56.72167,12.44167,,Pelonaia corrugata,VU (SLU),SMHI Shark,Manteldjur,Övrigt,
2001,56.72167,12.44167,,Pelonaia corrugata,VU (SLU),SMHI Shark,Manteldjur,Övrigt,
2001,56.72167,12.44167,,Pelonaia corrugata,VU (SLU),SMHI Shark,Manteldjur,Övrigt,
2001,56.72167,12.44167,,Pelonaia corrugata,VU (SLU),SMHI Shark,Manteldjur,Övrigt,
2001,56.72167,12.44167,,Pelonaia corrugata,VU (SLU),SMHI Shark,Manteldjur,Övrigt,
2002,56.72167,12.44167,,Pelonaia corrugata,VU (SLU),SMHI Shark,Manteldjur,Övrigt,
2002,56.72167,12.44167,,Pelonaia corrugata,VU (SLU),SMHI Shark,Manteldjur,Övrigt,
2002,56.72167,12.44167,,Pelonaia corrugata,VU (SLU),SMHI Shark,Manteldjur,Övrigt,
2002,56.72167,12.44167,,Pelonaia corrugata,VU (SLU),SMHI Shark,Manteldjur,Övrigt,
2000,56.72167,12.44167,,Pelonaia corrugata,VU (SLU),SMHI Shark,Manteldjur,Övrigt,
2002,56.72167,12.44167,,Pelonaia corrugata,VU (SLU),SMHI Shark,Manteldjur,Övrigt,
2002,56.72167,12.44167,,Pelonaia corrugata,VU (SLU),SMHI Shark,Manteldjur,Övrigt,
2002,56.72167,12.44167,,Pelonaia corrugata,VU (SLU),SMHI Shark,Manteldjur,Övrigt,
2002,56.72167,12.44167,,Pelonaia corrugata,VU (SLU),SMHI Shark,Manteldjur,Övrigt,
2004,56.72167,12.44167,,Pelonaia corrugata,VU (SLU),SMHI Shark,Manteldjur,Övrigt,
2004,56.72167,12.44167,,Pelonaia corrugata,VU (SLU),SMHI Shark,Manteldjur,Övrigt,
2000,56.72167,12.44167,,Pelonaia corrugata,VU (SLU),SMHI Shark,Manteldjur,Övrigt,
2004,56.72167,12.44167,,Pelonaia corrugata,VU (SLU),SMHI Shark,Manteldjur,Övrigt,
2004,56.72167,12.44167,,Pelonaia corrugata,VU (SLU),SMHI Shark,Manteldjur,Övrigt,
2004,56.72167,12.44167,,Pelonaia corrugata,VU (SLU),SMHI Shark,Manteldjur,Övrigt,
2004,56.72167,12.44167,,Pelonaia corrugata,VU (SLU),SMHI Shark,Manteldjur,Övrigt,
2004,56.72167,12.44167,,Pelonaia corrugata,VU (SLU),SMHI Shark,Manteldjur,Övrigt,
2004,56.72167,12.44167,,Pelonaia corrugata,VU (SLU),SMHI Shark,Manteldjur,Övrigt,
2006,56.72167,12.44167,,Pelonaia corrugata,VU (SLU),SMHI Shark,Manteldjur,Övrigt,
2006,56.72167,12.44167,,Pelonaia corrugata,VU (SLU),SMHI Shark,Manteldjur,Övrigt,
2006,56.72167,12.44167,,Pelonaia corrugata,VU (SLU),SMHI Shark,Manteldjur,Övrigt,
2006,56.72167,12.44167,,Pelonaia corrugata,VU (SLU),SMHI Shark,Manteldjur,Övrigt,
2006,56.72167,12.44167,,Pelonaia corrugata,VU (SLU),SMHI Shark,Manteldjur,Övrigt,
2006,56.72167,12.44167,,Pelonaia corrugata,VU (SLU),SMHI Shark,Manteldjur,Övrigt,
2006,56.72167,12.44167,,Pelonaia corrugata,VU (SLU),SMHI Shark,Manteldjur,Övrigt,
2006,56.72167,12.44167,,Pelonaia corrugata,VU (SLU),SMHI Shark,Manteldjur,Övrigt,
2006,56.72167,12.44167,,Pelonaia corrugata,VU (SLU),SMHI Shark,Manteldjur,Övrigt,
2006,56.72167,12.44167,,Pelonaia corrugata,VU (SLU),SMHI Shark,Manteldjur,Övrigt,
2006,56.72167,12.44167,,Pelonaia corrugata,VU (SLU),SMHI Shark,Manteldjur,Övrigt,
2006,56.72167,12.44167,,Pelonaia corrugata,VU (SLU),SMHI Shark,Manteldjur,Övrigt,
2000,56.72167,12.44167,,Pelonaia corrugata,VU (SLU),SMHI Shark,Manteldjur,Övrigt,
2000,56.72167,12.44167,,Pelonaia corrugata,VU (SLU),SMHI Shark,Manteldjur,Övrigt,
2001,56.72167,12.44167,,Pelonaia corrugata,VU (SLU),SMHI Shark,Manteldjur,Övrigt,
2001,56.72167,12.44167,,Pelonaia corrugata,VU (SLU),SMHI Shark,Manteldjur,Övrigt,
2001,56.72167,12.44167,,Pelonaia corrugata,VU (SLU),SMHI Shark,Manteldjur,Övrigt,
2001,56.72167,12.44167,,Pelonaia corrugata,VU (SLU),SMHI Shark,Manteldjur,Övrigt,
2002,56.72167,12.44167,,Pelonaia corrugata,VU (SLU),SMHI Shark,Manteldjur,Övrigt,
2002,56.72167,12.44167,,Pelonaia corrugata,VU (SLU),SMHI Shark,Manteldjur,Övrigt,
2002,56.72167,12.44167,,Pelonaia corrugata,VU (SLU),SMHI Shark,Manteldjur,Övrigt,
2002,56.72167,12.44167,,Pelonaia corrugata,VU (SLU),SMHI Shark,Manteldjur,Övrigt,
2000,56.72167,12.44167,,Pelonaia corrugata,VU (SLU),SMHI Shark,Manteldjur,Övrigt,
2002,56.72167,12.44167,,Pelonaia corrugata,VU (SLU),SMHI Shark,Manteldjur,Övrigt,
2002,56.72167,12.44167,,Pelonaia corrugata,VU (SLU),SMHI Shark,Manteldjur,Övrigt,
2002,56.72167,12.44167,,Pelonaia corrugata,VU (SLU),SMHI Shark,Manteldjur,Övrigt,
2002,56.72167,12.44167,,Pelonaia corrugata,VU (SLU),SMHI Shark,Manteldjur,Övrigt,
2004,56.72167,12.44167,,Pelonaia corrugata,VU (SLU),SMHI Shark,Manteldjur,Övrigt,
2004,56.72167,12.44167,,Pelonaia corrugata,VU (SLU),SMHI Shark,Manteldjur,Övrigt,
2001,56.94,12.21167,31,Pinnotheres pisum,DD (SLU),SMHI Shark,Kräftdjur,Kräftdjur,Krabbor
2001,56.94,12.21167,31,Pinnotheres pisum,DD (SLU),SMHI Shark,Kräftdjur,Kräftdjur,Krabbor
2001,56.94,12.21167,31,Pinnotheres pisum,DD (SLU),SMHI Shark,Kräftdjur,Kräftdjur,Krabbor
2001,56.94,12.21167,31,Pinnotheres pisum,DD (SLU),SMHI Shark,Kräftdjur,Kräftdjur,Krabbor
2005,57.197162,11.825173,,Pontophilus spinosus,NT (SLU),Artdatabanken U1,Kräftdjur,Kräftdjur,Räkor
2006,57.26295,11.679101,,Pontophilus spinosus,NT (SLU),,Kräftdjur,Kräftdjur,Räkor
2015,57.290784,11.859929,,Sabella pavonina,NT (HELCOM),Martrans,Havsborstmask,Övrigt,
2005,57.0556667,11.722,115,Sabella pavonina,NT (HELCOM),Fladen hugg och skrap 2005,Havsborstmask,Övrigt,
2005,57.0561667,11.7196667,130,Sabella pavonina,NT (HELCOM),Fladen hugg och skrap 2005,Havsborstmask,Övrigt,
2005,56.72167,12.44167,,Sabella pavonina,NT (HELCOM),SMHI Shark,Havsborstmask,Övrigt,
2005,56.72167,12.44167,,Sabella pavonina,NT (HELCOM),SMHI Shark,Havsborstmask,Övrigt,
2005,56.72167,12.44167,,Sabella pavonina,NT (HELCOM),SMHI Shark,Havsborstmask,Övrigt,
2006,57.09252,12.09775,,Sabella pavonina,NT (HELCOM),SMHI Shark,Havsborstmask,Övrigt,
2006,57.09252,12.09775,,Sabella pavonina,NT (HELCOM),SMHI Shark,Havsborstmask,Övrigt,
2006,57.09252,12.09775,,Sabella pavonina,NT (HELCOM),SMHI Shark,Havsborstmask,Övrigt,
2006,57.26295,11.679101,,Sabella pavonina,NT (HELCOM),Svenska Artprojektet,Havsborstmask,Övrigt,
2006,57.26295,11.679101,,Sabella pavonina,NT (HELCOM),Svenska Artprojektet,Havsborstmask,Övrigt,
2016,56.465583,12.139183,,Solaster endeca,SÃ¥rbar. VU (SLU,PAG 2016 Video Halland,Tagghuding,Tagghuding,Sjöstjärna
2016,56.641,12.099383,,Solaster endeca,SÃ¥rbar. VU (SLU,PAG 2016 Video Halland,Tagghuding,Tagghuding,Sjöstjärna
2016,56.641133,12.082683,,Solaster endeca,SÃ¥rbar. VU (SLU,PAG 2016 Video Halland,Tagghuding,Tagghuding,Sjöstjärna
2016,56.682917,12.100317,,Solaster endeca,SÃ¥rbar. VU (SLU,PAG 2016 Video Halland,Tagghuding,Tagghuding,Sjöstjärna
2016,56.682533,12.08495,,Solaster endeca,SÃ¥rbar. VU (SLU,PAG 2016 Video Halland,Tagghuding,Tagghuding,Sjöstjärna
2016,56.699167,12.093067,,Solaster endeca,SÃ¥rbar. VU (SLU,PAG 2016 Video Halland,Tagghuding,Tagghuding,Sjöstjärna
2016,56.7071,12.0663,,Solaster endeca,SÃ¥rbar. VU (SLU,PAG 2016 Video Halland,Tagghuding,Tagghuding,Sjöstjärna
2016,57.092283,11.73595,,Solaster endeca,SÃ¥rbar. VU (SLU,PAG 2016 Video Halland,Tagghuding,Tagghuding,Sjöstjärna
2016,57.0988,11.762567,,Solaster endeca,SÃ¥rbar. VU (SLU,PAG 2016 Video Halland,Tagghuding,Tagghuding,Sjöstjärna
2016,57.1002,11.685433,,Solaster endeca,SÃ¥rbar. VU (SLU,PAG 2016 Video Halland,Tagghuding,Tagghuding,Sjöstjärna
2016,57.107467,11.767367,,Solaster endeca,SÃ¥rbar. VU (SLU,PAG 2016 Video Halland,Tagghuding,Tagghuding,Sjöstjärna
2017,56.87465,11.8679,,Solaster endeca,SÃ¥rbar. VU (SLU,Lilla Middelgrund PAG 2017,Tagghuding,Tagghuding,Sjöstjärna
2015,56.879855,12.132568,,Solaster endeca,SÃ¥rbar. VU (SLU,Martrans,Tagghuding,Tagghuding,Sjöstjärna
2015,56.974804,12.122702,,Solaster endeca,SÃ¥rbar. VU (SLU,Martrans,Tagghuding,Tagghuding,Sjöstjärna
2015,56.956859,12.178094,,Solaster endeca,SÃ¥rbar. VU (SLU,Martrans,Tagghuding,Tagghuding,Sjöstjärna
2015,56.968185,12.068003,,Solaster endeca,SÃ¥rbar. VU (SLU,Martrans,Tagghuding,Tagghuding,Sjöstjärna
2015,57.247972,11.689239,,Solaster endeca,SÃ¥rbar. VU (SLU,Martrans,Tagghuding,Tagghuding,Sjöstjärna
2015,57.262681,11.838982,,Solaster endeca,SÃ¥rbar. VU (SLU,Martrans,Tagghuding,Tagghuding,Sjöstjärna
2015,57.245057,11.866359,,Solaster endeca,SÃ¥rbar. VU (SLU,Martrans,Tagghuding,Tagghuding,Sjöstjärna
2015,57.407556,11.679571,,Solaster endeca,SÃ¥rbar. VU (SLU,Martrans,Tagghuding,Tagghuding,Sjöstjärna
2015,57.499035,11.584233,,Solaster endeca,SÃ¥rbar. VU (SLU,Martrans,Tagghuding,Tagghuding,Sjöstjärna
2015,57.499035,11.584233,,Solaster endeca,SÃ¥rbar. VU (SLU,Martrans,Tagghuding,Tagghuding,Sjöstjärna
2015,57.499035,11.584233,,Solaster endeca,SÃ¥rbar. VU (SLU,Martrans,Tagghuding,Tagghuding,Sjöstjärna
2005,57.2223333,11.8395,36,Solaster endeca,SÃ¥rbar. VU (SLU,Fladen hugg och skrap 2005,Tagghuding,Tagghuding,Sjöstjärna
2005,57.222335,11.839492,,Solaster endeca,SÃ¥rbar. VU (SLU,Artdatabanken U1,Tagghuding,Tagghuding,Sjöstjärna
2005,57.129002,11.777661,,Spatangus purpureus,NT (SLU),Artdatabanken U1,Tagghuding,Tagghuding,Sjöborr
2005,57.129667,11.780167,,Spatangus purpureus,NT (SLU),Artdatabanken U1,Tagghuding,Tagghuding,Sjöborr
2005,57.137832,11.753504,,Spatangus purpureus,NT (SLU),Artdatabanken U1,Tagghuding,Tagghuding,Sjöborr
2005,57.177165,11.807169,,Spatangus purpureus,NT (SLU),Artdatabanken U1,Tagghuding,Tagghuding,Sjöborr
2005,56.874996,12.201995,,Spatangus purpureus,NT (SLU),Artdatabanken U1,Tagghuding,Tagghuding,Sjöborr
2005,56.878504,12.215495,,Spatangus purpureus,NT (SLU),,Tagghuding,Tagghuding,Sjöborr
2005,56.877667,12.205169,,Spatangus purpureus,NT (SLU),,Tagghuding,Tagghuding,Sjöborr
2005,56.870831,12.277328,,Spatangus purpureus,NT (SLU),,Tagghuding,Tagghuding,Sjöborr
2005,56.87217,12.224325,,Spatangus purpureus,NT (SLU),,Tagghuding,Tagghuding,Sjöborr
2005,56.866837,12.230168,,Spatangus purpureus,NT (SLU),,Tagghuding,Tagghuding,Sjöborr
2005,57.1971667,11.8251667,,Upogebia stellata,VU (SLU),Fladen hugg och skrap 2005,Kräftdjur,Kräftdjur,Kräftor
2005,57.214837,11.724328,,Upogebia stellata,VU (SLU),Artdatabanken U1,Kräftdjur,Kräftdjur,Kräftor
2005,57.197162,11.825173,,Upogebia stellata,VU (SLU),Artdatabanken U1,Kräftdjur,Kräftdjur,Kräftor
2008,57.18,12.08333,,Vitreolina philippi,DD (HELCOM,SMHI Shark,Snäcko,Blötdjur,
2008,57.18,12.08333,,Vitreolina philippi,DD (HELCOM,SMHI Shark,Snäcko,Blötdjur,
2008,57.18,12.08333,,Vitreolina philippi,DD (HELCOM,SMHI Shark,Snäcko,Blötdjur,
2008,57.18,12.08333,,Vitreolina philippi,DD (HELCOM,SMHI Shark,Snäcko,Blötdjur,
2009,57.225,12.07417,,Vitreolina philippi,DD (HELCOM,SMHI Shark,Snäcko,Blötdjur,
2009,57.225,12.07417,,Vitreolina philippi,DD (HELCOM,SMHI Shark,Snäcko,Blötdjur,
2011,57.225,12.07417,,Vitreolina philippi,DD (HELCOM,SMHI Shark,Snäcko,Blötdjur,
2011,57.225,12.07417,,Vitreolina philippi,DD (HELCOM,SMHI Shark,Snäcko,Blötdjur,
2011,57.225,12.07417,,Vitreolina philippi,DD (HELCOM,SMHI Shark,Snäcko,Blötdjur,
2011,57.225,12.07417,,Vitreolina philippi,DD (HELCOM,SMHI Shark,Snäcko,Blötdjur,
2006,57.1575,12.0696,,Vitreolina philippi,DD (SLU),SMHI Shark,Snäcko,Blötdjur,
2006,57.18,12.08333,,Vitreolina philippi,DD (SLU),SMHI Shark,Snäcko,Blötdjur,
2006,57.18,12.08333,,Vitreolina philippi,DD (SLU),SMHI Shark,Snäcko,Blötdjur,
2006,57.1575,12.0696,,Vitreolina philippi,DD (SLU),SMHI Shark,Snäcko,Blötdjur,
2006,57.18,12.08333,,Vitreolina philippi,DD (SLU),SMHI Shark,Snäcko,Blötdjur,
2006,57.18,12.08333,,Vitreolina philippi,DD (SLU),SMHI Shark,Snäcko,Blötdjur,
2006,57.1575,12.0696,,Vitreolina philippi,DD (SLU),SMHI Shark,Snäcko,Blötdjur,
2006,57.18,12.08333,,Vitreolina philippi,DD (SLU),SMHI Shark,Snäcko,Blötdjur,
2006,57.18,12.08333,,Vitreolina philippi,DD (SLU),SMHI Shark,Snäcko,Blötdjur,
2007,57.18,12.08333,,Vitreolina philippi,DD (SLU),SMHI Shark,Snäcko,Blötdjur,
2007,57.18,12.08333,,Vitreolina philippi,DD (SLU),SMHI Shark,Snäcko,Blötdjur,
2007,57.18,12.08333,,Vitreolina philippi,DD (SLU),SMHI Shark,Snäcko,Blötdjur,
2012,57.18,12.08333,,Vitreolina philippi,DD (SLU),SMHI Shark,Snäcko,Blötdjur,
2013,57.11,11.73917,,Vitreolina philippi,DD (SLU),SMHI Shark,Snäcko,Blötdjur,
2013,57.18,12.08333,,Vitreolina philippi,DD (SLU),SMHI Shark,Snäcko,Blötdjur,
2013,56.94567,11.83283,,Vitreolina philippi,DD (SLU),SMHI Shark,Snäcko,Blötdjur,
2013,57.11,11.73917,,Vitreolina philippi,DD (SLU),SMHI Shark,Snäcko,Blötdjur,
2013,57.18,12.08333,,Vitreolina philippi,DD (SLU),SMHI Shark,Snäcko,Blötdjur,
2013,56.94567,11.83283,,Vitreolina philippi,DD (SLU),SMHI Shark,Snäcko,Blötdjur,
2013,57.11,11.73917,,Vitreolina philippi,DD (SLU),SMHI Shark,Snäcko,Blötdjur,
2013,57.18,12.08333,,Vitreolina philippi,DD (SLU),SMHI Shark,Snäcko,Blötdjur,
2013,56.94567,11.83283,,Vitreolina philippi,DD (SLU),SMHI Shark,Snäcko,Blötdjur,
2014,57.18,12.08333,,Vitreolina philippi,DD (SLU),SMHI Shark,Snäcko,Blötdjur,
2014,57.18,12.08333,,Vitreolina philippi,DD (SLU),SMHI Shark,Snäcko,Blötdjur,
2014,57.18,12.08333,,Vitreolina philippi,DD (SLU),SMHI Shark,Snäcko,Blötdjur,
2014,57.18,12.08333,,Vitreolina philippi,DD (SLU),SMHI Shark,Snäcko,Blötdjur,
2014,57.18,12.08333,,Vitreolina philippi,DD (SLU),SMHI Shark,Snäcko,Blötdjur,
2014,57.18,12.08333,,Vitreolina philippi,DD (SLU),SMHI Shark,Snäcko,Blötdjur,
2016,57.18,12.08333,,Vitreolina philippi,DD (SLU),SMHI Shark,Snäcko,Blötdjur,
2016,57.13667,12.10667,,Vitreolina philippi,DD (SLU),SMHI Shark,Snäcko,Blötdjur,
2016,57.18,12.08333,,Vitreolina philippi,DD (SLU),SMHI Shark,Snäcko,Blötdjur,
2016,57.13667,12.10667,,Vitreolina philippi,DD (SLU),SMHI Shark,Snäcko,Blötdjur,
2016,57.18,12.08333,,Vitreolina philippi,DD (SLU),SMHI Shark,Snäcko,Blötdjur,
2016,57.13667,12.10667,,Vitreolina philippi,DD (SLU),SMHI Shark,Snäcko,Blötdjur,
2017,57.18,12.01833,,Vitreolina philippi,DD (SLU),SMHI Shark,Snäcko,Blötdjur,
2017,57.225,12.07417,,Vitreolina philippi,DD (SLU),SMHI Shark,Snäcko,Blötdjur,
2017,57.18,12.01833,,Vitreolina philippi,DD (SLU),SMHI Shark,Snäcko,Blötdjur,
2017,57.225,12.07417,,Vitreolina philippi,DD (SLU),SMHI Shark,Snäcko,Blötdjur,
2017,57.18,12.01833,,Vitreolina philippi,DD (SLU),SMHI Shark,Snäcko,Blötdjur,
2017,57.225,12.07417,,Vitreolina philippi,DD (SLU),SMHI Shark,Snäcko,Blötdjur,
2018,57.18,12.08333,,Vitreolina philippi,DD (SLU),SMHI Shark,Snäcko,Blötdjur,
2018,57.18,12.08333,,Vitreolina philippi,DD (SLU),SMHI Shark,Snäcko,Blötdjur,
2018,57.18,12.08333,,Vitreolina philippi,DD (SLU),SMHI Shark,Snäcko,Blötdjur,
