"Sample.ID","Site.ID","Replicate","Clupea.harengus","Anguilla.anguilla","Abramis.brama","Alburnus.alburnus","Carassius.carassius","Cyprinus.carpio.karp","Gobio.gobio.sandkrypare","Leuciscus.sp.","Phoxinus.phoxinus","Rutilus.rutilus","Esox.lucius","Gadus.morhua","Lota.lota","Gasterosteus.aculeatus","Pungitius.pungitius","Osmerus.eperlanus","Ammodytes.sp...Tobis.","Pomatoschistus.minutus.Sandstubb.","Gymnocephalus.cernua","Perca.fluviatilis","Sander.lucioperca","Coregonus.albula","Coregonus.maraena","Oncorhynchus.mykiss","Salmo.salar","Salmo.trutta","Salvelinus.alpinus","Salvelinus.fontinalis","Thymallus.thymallus","Cottus.gobio","Cottus.poecilopus..Hornsimpa..","Myoxocephalus.sp...Rötsimpa.","Lampetra.spp.","Leusiscus.spp."
"LiSp_013",1,"A",6395,NA,NA,NA,NA,NA,NA,259,1122,350,62,NA,NA,31054,370,71,65,316,NA,432,NA,NA,34,NA,NA,NA,NA,NA,NA,NA,276,NA,NA,259
"LiSp_014",1,"B",10012,NA,NA,195,NA,NA,NA,244,2030,240,31,NA,NA,30854,495,116,NA,148,NA,606,NA,NA,286,NA,NA,NA,NA,NA,NA,NA,138,NA,NA,244
"LiSp_019",2,"A",66,NA,NA,180,NA,NA,NA,1591,NA,12071,NA,NA,NA,20404,2586,NA,NA,34,NA,3255,NA,NA,NA,NA,NA,NA,NA,NA,NA,NA,NA,NA,NA,1591
"LiSp_020",2,"B",115,NA,NA,598,NA,NA,NA,1171,NA,1707,45,NA,NA,24770,3234,NA,NA,78,NA,3553,NA,NA,NA,NA,NA,NA,NA,NA,NA,NA,NA,NA,NA,1171
"LiSp_015",3,"A",80,101,1382,3416,NA,NA,NA,5683,NA,9605,3511,NA,67,51,55,957,NA,NA,2123,24903,NA,NA,NA,NA,NA,NA,NA,NA,NA,112,NA,NA,115,5683
"LiSp_016",3,"B",NA,53,1405,2987,NA,NA,NA,3213,NA,6830,2295,NA,70,NA,121,302,NA,NA,1520,19435,NA,NA,NA,NA,47,NA,NA,NA,NA,NA,NA,NA,122,3213
"LiSp_011",4,"A",NA,NA,NA,NA,NA,NA,NA,NA,NA,NA,NA,NA,NA,NA,NA,NA,NA,NA,NA,20439,NA,NA,NA,NA,NA,NA,NA,NA,NA,NA,NA,NA,NA,NA
"LiSp_012",4,"B",1885,NA,NA,NA,801,NA,NA,NA,NA,NA,NA,NA,NA,NA,NA,NA,NA,NA,NA,16301,NA,NA,NA,NA,NA,NA,NA,NA,337,NA,NA,NA,NA,NA
"LiSp_009",5,"A",NA,NA,NA,NA,8138,NA,NA,NA,NA,NA,NA,NA,NA,NA,NA,NA,NA,NA,NA,42984,NA,NA,NA,NA,NA,NA,NA,NA,3647,NA,NA,NA,NA,NA
"LiSp_010",5,"B",NA,NA,NA,NA,5042,NA,NA,NA,NA,NA,NA,NA,NA,NA,NA,NA,NA,NA,NA,32513,NA,NA,NA,530,NA,NA,NA,NA,131,NA,NA,NA,NA,NA
"LiSp_017",6,"A",NA,NA,2502,4794,NA,NA,NA,1421,NA,8835,3779,NA,103,NA,58,NA,NA,NA,2927,14517,NA,NA,NA,NA,NA,NA,NA,NA,332,NA,NA,NA,NA,1421
"LiSp_018",6,"B",NA,NA,2210,5305,NA,NA,NA,1522,NA,9323,5300,NA,85,NA,NA,40,NA,NA,2529,17404,NA,NA,NA,NA,NA,NA,NA,NA,233,NA,NA,NA,NA,1522
"LiSp_021",7,"A",NA,721,3440,379,NA,NA,NA,251,NA,8715,1181,NA,218,NA,28,NA,NA,NA,10778,17131,NA,NA,NA,NA,NA,NA,NA,NA,NA,NA,NA,NA,NA,251
"LiSp_022",7,"B",NA,1266,3470,548,NA,NA,NA,170,NA,8334,1385,NA,727,NA,NA,NA,NA,NA,8497,15886,NA,NA,NA,NA,NA,NA,NA,NA,NA,NA,NA,NA,NA,170
"LiSp_005",8,"A",NA,NA,886,6759,NA,NA,NA,2263,NA,12239,NA,NA,1098,NA,NA,NA,NA,NA,8554,14084,30,NA,NA,NA,NA,NA,NA,NA,NA,NA,NA,NA,NA,2263
"LiSp_006",8,"B",NA,NA,2311,4381,NA,NA,NA,1051,NA,7681,3099,NA,NA,NA,NA,252,NA,NA,2476,26472,NA,NA,NA,NA,NA,NA,NA,NA,NA,224,NA,NA,NA,1051
"LiSp_007",9,"A",NA,NA,NA,NA,NA,NA,NA,NA,NA,NA,NA,NA,NA,NA,NA,NA,NA,NA,NA,NA,NA,NA,NA,NA,NA,52860,NA,NA,NA,NA,NA,1012,NA,NA
"LiSp_008",9,"B",NA,NA,NA,NA,NA,NA,NA,NA,NA,NA,NA,NA,NA,NA,NA,NA,NA,NA,NA,NA,NA,NA,NA,NA,NA,46319,NA,NA,1348,NA,NA,NA,NA,NA
"LiSp_003",10,"A",NA,NA,NA,NA,258,NA,NA,NA,NA,34603,4627,NA,NA,NA,NA,NA,NA,NA,NA,24352,NA,NA,NA,NA,NA,NA,NA,NA,NA,NA,NA,NA,NA,NA
"LiSp_004",10,"B",NA,NA,NA,NA,NA,381,NA,NA,NA,27050,12881,NA,NA,NA,NA,NA,NA,NA,NA,29827,NA,NA,NA,NA,NA,NA,NA,NA,NA,NA,NA,NA,NA,NA
"LiSp_103",11,"A",NA,NA,NA,NA,NA,NA,NA,NA,NA,NA,25,NA,NA,NA,NA,NA,NA,NA,NA,2187,NA,NA,NA,NA,NA,NA,35344,NA,NA,NA,NA,NA,NA,NA
"LiSp_104",11,"B",NA,NA,NA,NA,NA,NA,NA,NA,NA,NA,2954,NA,NA,NA,NA,NA,NA,NA,NA,35256,NA,NA,NA,700,NA,NA,15149,NA,NA,NA,NA,NA,NA,NA
"LiSp_023",12,"A",NA,NA,133,NA,NA,NA,NA,17705,NA,5524,1780,NA,54,NA,NA,NA,NA,NA,7659,6057,NA,NA,NA,NA,NA,NA,NA,2476,NA,5688,NA,NA,17900,17705
"LiSP_024",12,"B",NA,NA,97,NA,NA,NA,NA,17141,NA,5836,3445,NA,153,NA,92,NA,NA,NA,8006,7684,NA,NA,NA,NA,NA,NA,NA,1832,NA,5157,NA,NA,16364,17141
"LiSp_001",13,"A",NA,NA,NA,NA,NA,NA,NA,NA,NA,NA,522,NA,NA,NA,NA,NA,NA,NA,65,1139,222,NA,NA,NA,NA,29502,NA,NA,NA,NA,NA,NA,19491,NA
"LiSp_002",13,"B",NA,NA,NA,NA,NA,NA,NA,NA,NA,NA,60,NA,NA,NA,NA,NA,NA,NA,NA,2873,360,NA,NA,NA,NA,34114,NA,NA,NA,NA,NA,NA,27002,NA
"LiSp_115",14,"A",NA,NA,722,2604,NA,NA,NA,3026,2125,3687,2035,NA,249,NA,NA,NA,NA,NA,1898,7155,NA,NA,NA,NA,3090,800,NA,NA,NA,11868,NA,NA,2249,3026
"LiSp_116",14,"B",NA,NA,1093,1694,NA,NA,NA,2480,1705,5605,2196,NA,415,NA,NA,NA,NA,NA,2771,9664,NA,NA,NA,NA,1261,341,NA,NA,NA,13715,NA,NA,979,2480
"LiR_M3_A",15,"A",NA,NA,338,965,NA,NA,NA,904,5471,3446,1186,NA,186,NA,NA,NA,NA,NA,714,2865,NA,NA,NA,NA,6138,810,NA,NA,NA,20121,NA,NA,1315,904
"LiR_M3_B",15,"B",NA,NA,327,611,NA,NA,NA,803,3871,2949,647,NA,137,NA,NA,NA,NA,NA,531,2002,NA,NA,NA,NA,4376,1285,NA,NA,NA,15503,NA,NA,378,803
"LiR_M3_C",15,"C",NA,NA,NA,5923,NA,NA,NA,NA,5120,NA,4246,NA,NA,NA,NA,NA,NA,NA,45,NA,NA,NA,NA,NA,11475,8170,NA,NA,NA,15844,NA,NA,NA,NA
"LiSp_101",17,"A",NA,NA,NA,24,26,NA,NA,5672,506,586,2675,NA,53,NA,NA,NA,NA,NA,NA,3558,NA,NA,NA,NA,NA,1367,NA,NA,502,17172,NA,NA,8743,NA
"LiSp_102",17,"B",NA,NA,NA,36,NA,NA,NA,4129,314,522,2883,NA,68,NA,NA,NA,NA,NA,NA,1154,NA,NA,NA,NA,22,1263,NA,NA,727,12787,NA,NA,9605,NA
"LiSp_065",18,"A",NA,NA,NA,NA,NA,NA,NA,NA,NA,5849,385,NA,9179,NA,NA,NA,NA,NA,NA,752,NA,NA,NA,NA,48,5961,NA,425,NA,NA,NA,NA,8021,NA
"LiSp_062",19,"A",NA,NA,NA,NA,NA,NA,NA,NA,NA,NA,NA,NA,NA,NA,NA,NA,NA,NA,NA,NA,NA,NA,NA,NA,NA,48153,NA,NA,NA,NA,NA,NA,NA,NA
"LiSp_063",20,"A",NA,NA,NA,NA,NA,NA,NA,NA,NA,NA,NA,NA,NA,NA,NA,NA,NA,NA,NA,27467,NA,NA,NA,6859,99,880,NA,NA,NA,NA,NA,NA,NA,NA
"LiSp_064",21,"A",NA,NA,NA,NA,1043,NA,NA,NA,NA,NA,NA,NA,NA,NA,NA,NA,NA,NA,NA,51217,NA,NA,NA,1920,NA,NA,NA,NA,NA,NA,NA,NA,NA,NA
"LiSp_055",22,"A",NA,NA,542,866,NA,NA,NA,632,5774,2937,842,NA,149,NA,NA,NA,NA,NA,820,2714,NA,36,NA,NA,5712,1408,NA,NA,167,12247,NA,NA,533,NA
"LiSp_056",22,"B",NA,NA,336,834,NA,NA,NA,401,5831,3316,915,NA,103,NA,NA,NA,NA,NA,921,1994,NA,57,NA,NA,5266,1173,NA,NA,274,12870,NA,NA,476,NA
"LiSp_099",22,"A",NA,NA,1439,1609,NA,NA,NA,953,NA,13180,1582,NA,160,NA,NA,NA,NA,NA,2928,4908,NA,251,NA,NA,215,25,NA,NA,NA,7371,NA,NA,163,NA
"LiSp_100",22,"B",NA,NA,1785,1459,NA,NA,NA,905,NA,12999,1781,NA,201,NA,NA,NA,NA,NA,3029,3341,NA,399,NA,NA,NA,34,NA,NA,NA,5837,NA,NA,184,NA
"LiL_M3_A",23,"A",NA,NA,2202,3358,NA,NA,NA,3872,NA,17766,7161,NA,NA,NA,NA,NA,NA,NA,651,4922,NA,438,NA,NA,NA,NA,NA,NA,NA,NA,NA,NA,NA,3872
"LiL_M3_B",23,"B",NA,NA,3555,466,NA,NA,NA,3823,NA,37047,467,NA,NA,NA,NA,NA,NA,NA,NA,9420,NA,NA,NA,NA,NA,NA,NA,NA,NA,NA,NA,NA,NA,3823
"LiL_M3_C",23,"C",NA,NA,3137,3226,NA,36,NA,2682,NA,16496,7944,NA,NA,NA,NA,47,NA,NA,381,7789,NA,410,NA,NA,NA,NA,NA,NA,NA,NA,NA,NA,NA,2682
"LiSp_041",23,"A",NA,NA,8874,8076,NA,NA,NA,589,NA,10171,5401,NA,NA,NA,NA,NA,NA,NA,6690,10032,NA,17774,NA,NA,NA,NA,NA,NA,NA,5149,NA,NA,774,589
"LiSp_042",23,"B",NA,NA,3689,2406,NA,NA,NA,199,469,8724,5015,NA,513,NA,NA,529,NA,NA,8238,9422,NA,16692,NA,NA,NA,NA,NA,NA,NA,1129,NA,NA,558,199
"LiSp_043",23,"A",NA,NA,2081,1951,NA,NA,152,489,NA,3727,1298,NA,NA,NA,NA,622,NA,NA,4692,14875,NA,19896,NA,NA,102,NA,NA,NA,NA,624,NA,NA,NA,489
"LiSp_045",23,"A",NA,NA,9471,5032,NA,NA,NA,3050,NA,14673,3130,NA,471,NA,NA,NA,NA,NA,6496,16392,NA,4388,NA,NA,NA,NA,NA,NA,NA,2912,NA,NA,132,3050
"LiSp_046",23,"B",NA,NA,7067,3623,NA,NA,NA,1284,NA,9779,4794,268,77,NA,NA,187,NA,NA,3449,17222,NA,2192,NA,NA,210,NA,227,NA,NA,NA,NA,NA,NA,1284
"LiSp_047",23,"A",NA,NA,1528,3382,NA,NA,NA,841,NA,3378,427,NA,NA,NA,NA,27,NA,NA,3956,3675,NA,31583,NA,NA,NA,NA,NA,NA,37,NA,NA,NA,NA,841
"LiSp_048",23,"B",NA,NA,5836,5203,NA,NA,NA,43,NA,NA,NA,NA,NA,NA,NA,NA,NA,NA,NA,NA,NA,48106,NA,NA,NA,NA,NA,NA,NA,NA,NA,NA,NA,43
"LiSp_039",24,"A",NA,NA,2561,1547,NA,NA,NA,2852,122,6622,2197,NA,556,NA,NA,NA,NA,NA,625,6387,NA,NA,NA,NA,NA,193,NA,NA,815,20369,NA,NA,459,NA
"LiSp_050",25,"A",NA,NA,1481,1668,NA,NA,NA,987,NA,13333,3477,NA,489,NA,79,NA,NA,NA,631,8054,NA,NA,NA,NA,NA,153,NA,NA,NA,11550,NA,NA,343,NA
"LiSp_051",25,"B",NA,NA,1296,2295,NA,NA,NA,807,NA,10462,4620,NA,845,NA,227,NA,NA,NA,328,6911,NA,NA,NA,NA,NA,100,NA,NA,44,12229,NA,NA,414,NA
"LiSp_037",26,"A",NA,NA,671,2247,NA,NA,NA,1698,NA,12023,4550,NA,518,NA,177,NA,NA,NA,307,6174,NA,NA,NA,NA,NA,78,NA,NA,NA,22039,NA,NA,188,NA
"LiSp_038",26,"B",NA,NA,774,2424,NA,NA,NA,2630,NA,16287,6139,NA,515,NA,430,NA,NA,NA,99,11821,NA,NA,NA,NA,89,362,NA,NA,116,22454,NA,NA,160,NA
"LiSp_035",27,"A",NA,NA,NA,2472,NA,NA,NA,594,29,6776,1918,NA,1288,NA,NA,NA,NA,NA,293,5676,NA,NA,NA,NA,93,1462,NA,NA,NA,18827,NA,NA,102,NA
"LiSp_036",27,"B",NA,NA,NA,5640,NA,NA,NA,69,NA,27967,11623,NA,4124,NA,NA,NA,NA,NA,NA,976,NA,NA,NA,NA,NA,NA,NA,NA,NA,25191,NA,NA,NA,NA
"LiSp_033",28,"A",NA,NA,NA,331,NA,NA,NA,NA,16095,895,1947,NA,1163,NA,NA,NA,NA,NA,666,1134,NA,NA,NA,NA,NA,150,NA,NA,238,21052,NA,NA,3143,NA
"LiSp_034",28,"B",NA,NA,NA,NA,NA,NA,NA,NA,44561,NA,7712,NA,NA,NA,NA,NA,NA,NA,NA,NA,NA,NA,NA,NA,NA,NA,NA,NA,NA,16923,NA,NA,NA,NA
"LiSp_052",29,"A",NA,NA,1857,332,NA,NA,NA,7800,NA,4514,1672,NA,1285,NA,NA,NA,NA,NA,538,4786,NA,NA,NA,NA,NA,517,NA,NA,1993,26356,NA,NA,361,NA
"LiSp_053",29,"B",NA,NA,NA,NA,NA,NA,NA,16679,NA,5972,6066,NA,4391,NA,NA,NA,NA,NA,NA,1829,NA,NA,NA,NA,NA,NA,NA,NA,NA,19340,NA,NA,NA,NA
"LiSp_029",30,"A",NA,NA,12503,3650,NA,NA,NA,1107,1251,19495,2227,NA,NA,NA,NA,NA,NA,NA,2549,7594,NA,NA,NA,NA,NA,160,NA,NA,95,18579,NA,NA,272,NA
"LiSp_030",30,"B",NA,NA,12587,2150,NA,NA,NA,1221,397,8941,2938,NA,344,NA,NA,NA,NA,NA,2403,6063,NA,NA,NA,NA,NA,837,NA,NA,292,13994,NA,NA,1595,NA
"LiSp_031",31,"A",NA,NA,6504,2593,NA,NA,NA,930,616,6449,4156,NA,221,NA,NA,NA,NA,NA,1106,6493,NA,NA,NA,NA,NA,381,NA,NA,957,10752,NA,NA,1230,NA
"LiSp_032",31,"B",NA,NA,10279,2589,NA,NA,NA,861,242,10370,6024,NA,333,NA,NA,NA,NA,NA,3617,6341,NA,NA,NA,NA,NA,NA,NA,NA,87,10919,NA,NA,1065,NA
"LiSp_027",32,"A",NA,NA,4593,4590,NA,NA,NA,1220,1675,10537,4484,NA,323,NA,NA,NA,NA,NA,7337,9019,NA,64,NA,NA,NA,610,NA,NA,1095,20804,NA,NA,3733,NA
"LiSp_028",32,"B",NA,NA,2065,3120,NA,NA,NA,635,1066,6116,1682,NA,444,NA,NA,NA,NA,NA,3517,5300,NA,NA,NA,NA,NA,307,NA,NA,672,14425,NA,NA,2430,NA
"LiSp_025",33,"A",NA,NA,2635,2478,NA,NA,NA,826,NA,9637,3489,NA,NA,NA,NA,NA,NA,NA,27,24192,NA,NA,NA,NA,NA,NA,NA,NA,32,75,NA,NA,NA,NA
"LiSp_026",33,"B",NA,NA,2985,3830,NA,NA,NA,1157,NA,12122,7227,NA,NA,NA,NA,NA,NA,NA,89,35040,NA,NA,NA,NA,NA,NA,NA,NA,NA,276,NA,NA,NA,NA
"LiSp_109",34,"A",NA,NA,1925,527,NA,NA,NA,206,NA,4369,4310,NA,124,27,NA,NA,NA,NA,4321,9478,NA,NA,NA,NA,NA,NA,NA,NA,NA,112,NA,NA,2071,NA
"LiSp_110",34,"B",158,NA,1502,578,NA,NA,NA,190,NA,5018,4135,NA,102,75,24,NA,NA,NA,4694,10569,NA,NA,NA,NA,NA,90,NA,NA,NA,NA,NA,NA,1286,NA
"LiSp_111",35,"A",NA,NA,358,667,NA,NA,NA,616,3273,2205,1811,NA,88,NA,NA,NA,NA,NA,1981,2167,NA,NA,NA,NA,93,711,NA,NA,1307,23028,NA,NA,832,NA
"LiSp_112",35,"B",NA,NA,NA,1485,NA,NA,NA,860,7972,1912,1866,NA,NA,NA,NA,NA,NA,NA,5221,593,NA,NA,NA,NA,NA,757,NA,NA,1662,16359,NA,NA,1203,NA
"LiSp_113",36,"A",NA,NA,332,798,NA,NA,NA,342,5482,3269,3369,NA,460,NA,NA,NA,NA,NA,2417,2031,NA,NA,36,NA,NA,1139,NA,NA,NA,23608,NA,NA,782,NA
"LiSp_114",36,"B",NA,NA,NA,903,NA,NA,NA,NA,2865,8621,5595,NA,1906,NA,NA,NA,NA,NA,4990,1490,NA,NA,NA,NA,NA,NA,NA,NA,NA,23527,NA,NA,1781,NA
"LiSp_066",37,"A",NA,NA,NA,NA,NA,NA,NA,NA,NA,20268,7613,NA,402,NA,NA,NA,NA,NA,NA,7130,NA,NA,NA,NA,NA,1658,NA,NA,NA,NA,NA,NA,NA,NA
"LiSp_067",37,"B",NA,NA,NA,NA,NA,NA,NA,NA,NA,21951,2324,NA,868,NA,NA,NA,NA,NA,NA,7867,NA,NA,NA,NA,NA,1191,NA,NA,NA,NA,NA,NA,NA,NA
"LiSp_057",38,"A",NA,NA,2069,608,NA,NA,NA,25,4538,285,290,NA,187,NA,NA,NA,NA,NA,157,1047,NA,NA,NA,NA,4654,2541,NA,NA,494,11698,NA,NA,544,NA
"LiSp_058",38,"B",NA,NA,1627,318,NA,NA,NA,28,7450,421,542,NA,142,NA,NA,NA,NA,NA,304,1133,NA,NA,NA,NA,10242,3499,NA,NA,191,18183,NA,NA,546,NA
"LiSp_059",39,"A",NA,NA,1416,320,NA,NA,NA,29,9966,465,789,NA,55,NA,NA,NA,NA,NA,338,956,NA,NA,NA,NA,7515,1878,NA,NA,309,16305,NA,NA,805,NA
"LiSp_060",40,"A",NA,NA,134,1410,NA,NA,NA,107,1563,1763,3043,NA,760,NA,NA,NA,NA,NA,459,4206,NA,NA,NA,NA,2295,1320,NA,NA,450,15645,NA,NA,3467,NA
"LiSp_061",40,"B",NA,NA,317,1247,NA,NA,NA,67,1317,934,2561,NA,367,NA,NA,NA,NA,NA,735,3172,NA,NA,NA,NA,2255,1461,NA,NA,216,14765,NA,NA,3994,NA
"LiSp_097",41,"A",NA,NA,NA,NA,NA,NA,NA,NA,1370,NA,450,NA,NA,NA,NA,NA,NA,NA,NA,34,NA,NA,NA,NA,30,8600,NA,NA,871,29267,NA,NA,1108,NA
"LiSp_098",41,"B",NA,NA,NA,NA,NA,NA,NA,NA,2089,NA,1447,NA,NA,NA,NA,NA,NA,NA,NA,152,NA,NA,NA,NA,47,7023,NA,NA,1082,25585,NA,NA,2035,NA
"LiSp_087",42,"A",NA,NA,NA,NA,NA,NA,NA,NA,NA,2869,3958,NA,1220,NA,NA,NA,NA,NA,43,5703,NA,NA,NA,NA,24,8086,NA,NA,NA,15707,NA,NA,2161,NA
"LiSp_088",42,"B",NA,NA,NA,NA,NA,NA,NA,NA,NA,2210,4888,NA,777,NA,NA,NA,NA,NA,64,5808,NA,NA,NA,NA,26,7948,NA,NA,NA,14439,NA,NA,2545,NA
"LiSp_085",43,"A",NA,NA,NA,NA,NA,NA,NA,NA,NA,9113,6433,NA,391,NA,NA,NA,NA,NA,42,19370,NA,NA,NA,NA,NA,NA,NA,NA,NA,2369,NA,NA,250,NA
"LiSp_086",43,"B",NA,NA,NA,NA,NA,NA,NA,NA,NA,9091,6751,NA,258,NA,NA,NA,NA,NA,63,18268,NA,NA,NA,NA,NA,NA,NA,NA,NA,3689,NA,NA,377,NA
"LiSp_083",44,"A",NA,NA,NA,NA,NA,NA,NA,NA,NA,3875,5290,NA,33,NA,NA,NA,NA,NA,132,29065,NA,NA,NA,NA,NA,NA,NA,NA,NA,NA,NA,NA,NA,NA
"LiSp_084",44,"B",NA,NA,NA,NA,NA,NA,NA,NA,NA,4897,9030,NA,NA,NA,NA,NA,NA,NA,45,32063,NA,NA,NA,NA,NA,34,NA,NA,NA,NA,NA,NA,NA,NA
"LiSp_081",45,"A",NA,NA,NA,NA,NA,NA,NA,NA,NA,NA,20072,NA,3301,NA,NA,NA,NA,NA,NA,20199,NA,NA,NA,NA,NA,NA,NA,NA,NA,NA,NA,NA,NA,NA
"LiSp_082",45,"B",NA,NA,NA,NA,NA,NA,NA,NA,NA,NA,22565,NA,NA,NA,NA,NA,NA,NA,NA,4630,NA,NA,NA,NA,NA,NA,NA,8337,NA,NA,NA,NA,2039,NA
"LiSp_095",46,"A",NA,NA,NA,3102,NA,NA,NA,317,5094,2709,3509,NA,309,NA,NA,NA,NA,NA,1073,2623,NA,NA,NA,NA,1929,1653,NA,64,65,28795,NA,NA,866,NA
"LiSp_096",46,"B",NA,NA,NA,2544,NA,NA,NA,318,3571,3525,3780,NA,439,NA,NA,NA,NA,NA,536,1242,NA,NA,NA,NA,2127,1232,NA,NA,95,28015,NA,NA,896,NA
"LiSp_093",47,"A",NA,NA,NA,831,NA,NA,NA,593,312,15698,1572,NA,86,NA,NA,NA,NA,NA,288,5873,NA,NA,NA,NA,110,729,NA,45,NA,6285,NA,NA,207,NA
"LiSp_094",47,"B",NA,NA,NA,649,NA,NA,NA,449,117,12214,2117,NA,NA,NA,NA,NA,NA,NA,153,5904,NA,NA,NA,NA,24,413,NA,34,25,6268,NA,NA,137,NA
"LiSp_091",48,"A",NA,NA,NA,116,NA,NA,NA,NA,10261,NA,933,NA,279,NA,NA,NA,NA,NA,NA,NA,NA,NA,NA,NA,5964,5707,NA,NA,388,15329,NA,NA,756,NA
"LiSp_092",48,"B",NA,NA,NA,123,NA,NA,NA,NA,11613,NA,567,NA,114,NA,NA,NA,NA,NA,NA,NA,NA,NA,NA,NA,8453,7220,NA,NA,510,21556,NA,NA,258,NA
"LiSp_089",49,"A",NA,NA,NA,NA,NA,NA,NA,NA,25082,31,4418,NA,44,NA,NA,NA,NA,NA,NA,NA,NA,NA,NA,NA,NA,2835,NA,NA,NA,15533,NA,NA,920,NA
"LiSp_090",49,"B",NA,NA,NA,51,NA,NA,NA,NA,30016,65,2386,NA,37,NA,NA,NA,NA,NA,NA,27,NA,NA,NA,NA,NA,1919,NA,NA,NA,16482,NA,NA,249,NA
"LiSp_080",50,"A",NA,NA,NA,NA,NA,NA,NA,NA,18568,NA,308,NA,328,NA,NA,NA,NA,NA,NA,129,NA,NA,NA,NA,NA,11607,NA,NA,NA,4242,NA,NA,NA,NA
"LiSp_079",51,"A",NA,NA,NA,NA,NA,NA,NA,NA,NA,9120,382,NA,333,NA,NA,NA,NA,NA,NA,18110,NA,NA,NA,NA,NA,NA,NA,NA,NA,10812,NA,NA,NA,NA
"LiSp_074",52,"A",NA,NA,NA,NA,NA,NA,NA,NA,NA,363,2126,NA,1181,NA,NA,NA,NA,NA,NA,298,NA,NA,NA,NA,NA,11650,NA,23717,NA,NA,NA,NA,NA,NA
"LiSp_068",53,"A",NA,NA,NA,NA,NA,NA,NA,NA,NA,NA,NA,NA,1818,NA,NA,NA,NA,NA,NA,23484,NA,NA,NA,NA,NA,10639,29,502,NA,NA,NA,NA,NA,NA
"LiSp_069",54,"A",NA,NA,NA,NA,NA,NA,NA,NA,NA,NA,NA,NA,3156,NA,NA,NA,NA,NA,NA,43092,NA,NA,NA,NA,NA,NA,273,NA,NA,NA,NA,NA,NA,NA
"LiSp_070",54,"B",NA,NA,NA,NA,NA,NA,NA,NA,NA,NA,NA,NA,6578,NA,NA,NA,NA,NA,NA,38120,NA,NA,NA,NA,NA,357,273,NA,NA,NA,NA,NA,NA,NA
"LiSp_077",55,"A",NA,NA,NA,NA,NA,NA,NA,NA,115,NA,NA,NA,22,NA,NA,NA,NA,NA,NA,21,NA,NA,NA,NA,NA,1989,NA,19592,NA,10346,NA,NA,5286,NA
"LiSp_078",56,"B",NA,NA,NA,NA,NA,NA,NA,NA,17847,NA,NA,NA,33,NA,NA,NA,NA,NA,NA,NA,NA,NA,NA,NA,NA,8050,NA,1298,NA,5745,NA,NA,1494,NA
"LiSp_075",57,"A",NA,NA,NA,NA,NA,NA,NA,NA,7481,NA,NA,NA,NA,NA,NA,NA,NA,NA,NA,NA,NA,NA,NA,NA,NA,39321,NA,99,NA,3711,NA,NA,NA,NA
"LiSp_076",57,"B",NA,NA,NA,NA,70,NA,NA,NA,14105,NA,NA,NA,NA,NA,NA,NA,NA,NA,NA,NA,NA,NA,NA,NA,NA,31437,NA,280,NA,4879,NA,NA,NA,NA
"LiSp_072",58,"A",NA,NA,NA,NA,NA,NA,NA,NA,NA,NA,NA,NA,NA,NA,NA,NA,NA,NA,NA,NA,NA,NA,NA,NA,NA,15989,NA,27331,NA,NA,NA,NA,NA,NA
"LiSp_073",59,"A",NA,NA,NA,NA,NA,NA,NA,NA,NA,NA,NA,NA,NA,NA,NA,NA,NA,NA,NA,NA,NA,NA,NA,NA,NA,54118,NA,155,NA,NA,NA,NA,NA,NA
"LiSp_071",60,"A",NA,NA,NA,NA,NA,NA,NA,NA,1354,3002,NA,NA,NA,NA,NA,NA,NA,NA,NA,NA,NA,NA,NA,NA,NA,5167,NA,NA,NA,NA,NA,NA,NA,NA
